2483	/Users/spectrumism/Projects/zxpress-screenshots/screenshots/issues/200/200__200B_1.png
2484	/Users/spectrumism/Projects/zxpress-screenshots/screenshots/issues/200/200__200B_2.png
2485	/Users/spectrumism/Projects/zxpress-screenshots/screenshots/issues/acnews/acnews__ACN32_47_1.png
2486	/Users/spectrumism/Projects/zxpress-screenshots/screenshots/issues/acnews/acnews__ACN50_1.png
2487	/Users/spectrumism/Projects/zxpress-screenshots/screenshots/issues/acnews/acnews__ACN52_1.png
2488	/Users/spectrumism/Projects/zxpress-screenshots/screenshots/issues/acnews/acnews__ACN54_1.png
2489	/Users/spectrumism/Projects/zxpress-screenshots/screenshots/issues/acnews/acnews__ACN55_1.png
2490	/Users/spectrumism/Projects/zxpress-screenshots/screenshots/issues/acnews/acnews__ACN63_1.png
2491	/Users/spectrumism/Projects/zxpress-screenshots/screenshots/issues/acnews/acnews__ACN64_1.png
2492	/Users/spectrumism/Projects/zxpress-screenshots/screenshots/issues/acnews/acnews__ACN65_1.png
2493	/Users/spectrumism/Projects/zxpress-screenshots/screenshots/issues/acnews/acnews__ACN66_2.png
2494	/Users/spectrumism/Projects/zxpress-screenshots/screenshots/issues/acnews/acnews__ACN67_2.png
2495	/Users/spectrumism/Projects/zxpress-screenshots/screenshots/issues/acnews/acnews__ACN68_1.png
2496	/Users/spectrumism/Projects/zxpress-screenshots/screenshots/issues/acnews/acnews__ACN69_1.png
2497	/Users/spectrumism/Projects/zxpress-screenshots/screenshots/issues/acnews/acnews__ACN70_1.png
2498	/Users/spectrumism/Projects/zxpress-screenshots/screenshots/issues/acnews/acnews__ACN72_1.png
2499	/Users/spectrumism/Projects/zxpress-screenshots/screenshots/issues/acnews/acnews__ACN73_1.png
2500	/Users/spectrumism/Projects/zxpress-screenshots/screenshots/issues/acnews/acnews__ACN74_1.png
2501	/Users/spectrumism/Projects/zxpress-screenshots/screenshots/issues/amiga info/amiga_info__AMIGA_2_1.png
2502	/Users/spectrumism/Projects/zxpress-screenshots/screenshots/issues/anigdot/anigdot__ANIGD24_1.png
2503	/Users/spectrumism/Projects/zxpress-screenshots/screenshots/issues/anigdot/anigdot__ANIGD24_2.png
2504	/Users/spectrumism/Projects/zxpress-screenshots/screenshots/issues/anigdot/anigdot__ANIGD25_1.png
2505	/Users/spectrumism/Projects/zxpress-screenshots/screenshots/issues/anigdot/anigdot__ANIGD25_2.png
2506	/Users/spectrumism/Projects/zxpress-screenshots/screenshots/issues/anigdot/anigdot__ANIGD26_1.png
2507	/Users/spectrumism/Projects/zxpress-screenshots/screenshots/issues/anigdot/anigdot__ANIGD26_2.png
2508	/Users/spectrumism/Projects/zxpress-screenshots/screenshots/issues/anigdot/anigdot__ANIGD27_1.png
2509	/Users/spectrumism/Projects/zxpress-screenshots/screenshots/issues/anigdot/anigdot__ANIGD28_1.png
2510	/Users/spectrumism/Projects/zxpress-screenshots/screenshots/issues/anigdot/anigdot__ANIGD36_1.png
2511	/Users/spectrumism/Projects/zxpress-screenshots/screenshots/issues/anigdot/anigdot__ANIGD36_2.png
2512	/Users/spectrumism/Projects/zxpress-screenshots/screenshots/issues/anigdot/anigdot__ANIGD37_1.png
2513	/Users/spectrumism/Projects/zxpress-screenshots/screenshots/issues/anigdot/anigdot__ANIGD38_1.png
2514	/Users/spectrumism/Projects/zxpress-screenshots/screenshots/issues/anigdot/anigdot__ANIGD39_1.png
2515	/Users/spectrumism/Projects/zxpress-screenshots/screenshots/issues/anigdot/anigdot__ANIGD40_1.png
2516	/Users/spectrumism/Projects/zxpress-screenshots/screenshots/issues/anigdot/anigdot__ANIGD41_1.png
2517	/Users/spectrumism/Projects/zxpress-screenshots/screenshots/issues/anigdot/anigdot__ANIGD42_1.png
2518	/Users/spectrumism/Projects/zxpress-screenshots/screenshots/issues/anigdot/anigdot__ANIGD43_1.png
2519	/Users/spectrumism/Projects/zxpress-screenshots/screenshots/issues/anigdot/anigdot__ANIGD44_1.png
2520	/Users/spectrumism/Projects/zxpress-screenshots/screenshots/issues/anigdot/anigdot__ANIGD45_1.png
2521	/Users/spectrumism/Projects/zxpress-screenshots/screenshots/issues/anigdot/anigdot__ANIGD47_1.png
2522	/Users/spectrumism/Projects/zxpress-screenshots/screenshots/issues/avro news/avro_news__AVRNEWS0_1.png
2523	/Users/spectrumism/Projects/zxpress-screenshots/screenshots/issues/avro news/avro_news__AVRNEWS2_1.png
2524	/Users/spectrumism/Projects/zxpress-screenshots/screenshots/issues/balagan/balagan__BALAGAN3_1.png
2525	/Users/spectrumism/Projects/zxpress-screenshots/screenshots/issues/balagan/balagan__BALAGAN3_2.png
2526	/Users/spectrumism/Projects/zxpress-screenshots/screenshots/issues/bbstop/bbstop__BBST2_5_1.png
2527	/Users/spectrumism/Projects/zxpress-screenshots/screenshots/issues/bbstop/bbstop__BBSTOP4_1.png
2528	/Users/spectrumism/Projects/zxpress-screenshots/screenshots/issues/best of/best_of__BEST2_1.png
2529	/Users/spectrumism/Projects/zxpress-screenshots/screenshots/issues/best of/best_of__BEST2_2.png
2530	/Users/spectrumism/Projects/zxpress-screenshots/screenshots/issues/best of/best_of__BEST3_1.png
2531	/Users/spectrumism/Projects/zxpress-screenshots/screenshots/issues/best of/best_of__BEST3_2.png
2532	/Users/spectrumism/Projects/zxpress-screenshots/screenshots/issues/black crow/black_crow__BLACKR5_1.png
2533	/Users/spectrumism/Projects/zxpress-screenshots/screenshots/issues/black crow/black_crow__BLACKR5_3.png
2534	/Users/spectrumism/Projects/zxpress-screenshots/screenshots/issues/body/body__BODY_03_2.png
2535	/Users/spectrumism/Projects/zxpress-screenshots/screenshots/issues/body/body__BODY_04_1.png
2536	/Users/spectrumism/Projects/zxpress-screenshots/screenshots/issues/body/body__BODY_06_2.png
2537	/Users/spectrumism/Projects/zxpress-screenshots/screenshots/issues/body/body__BODY_09_2.png
2538	/Users/spectrumism/Projects/zxpress-screenshots/screenshots/issues/body/body__BODY_0B_1.png
2539	/Users/spectrumism/Projects/zxpress-screenshots/screenshots/issues/body/body__BODY_0C_2.png
2540	/Users/spectrumism/Projects/zxpress-screenshots/screenshots/issues/body/body__BODY_26_1.png
2541	/Users/spectrumism/Projects/zxpress-screenshots/screenshots/issues/body/body__BODY_29_1.png
2542	/Users/spectrumism/Projects/zxpress-screenshots/screenshots/issues/body/body__BODY_38_2.png
2543	/Users/spectrumism/Projects/zxpress-screenshots/screenshots/issues/body/body__BODY_39_1.png
2544	/Users/spectrumism/Projects/zxpress-screenshots/screenshots/issues/body/body__BODY_3F_1.png
2545	/Users/spectrumism/Projects/zxpress-screenshots/screenshots/issues/book/book__BOOK02_2.png
2546	/Users/spectrumism/Projects/zxpress-screenshots/screenshots/issues/bred/bred__BRED10_1.png
2547	/Users/spectrumism/Projects/zxpress-screenshots/screenshots/issues/bred/bred__BRED10_2.png
2548	/Users/spectrumism/Projects/zxpress-screenshots/screenshots/issues/bred/bred__BRED11_1.png
2549	/Users/spectrumism/Projects/zxpress-screenshots/screenshots/issues/bred/bred__BRED11_2.png
2550	/Users/spectrumism/Projects/zxpress-screenshots/screenshots/issues/bred/bred__BRED13_1.png
2551	/Users/spectrumism/Projects/zxpress-screenshots/screenshots/issues/bred/bred__BRED13_2.png
2552	/Users/spectrumism/Projects/zxpress-screenshots/screenshots/issues/bred/bred__BRED7_1.png
2553	/Users/spectrumism/Projects/zxpress-screenshots/screenshots/issues/bred/bred__BRED7_2.png
2554	/Users/spectrumism/Projects/zxpress-screenshots/screenshots/issues/buhenvald/buhenvald__BUH_21_03_1.png
2555	/Users/spectrumism/Projects/zxpress-screenshots/screenshots/issues/buzz/buzz__BUZZ_02_1.png
2556	/Users/spectrumism/Projects/zxpress-screenshots/screenshots/issues/cancer/cancer__CANCER02_2.png
2557	/Users/spectrumism/Projects/zxpress-screenshots/screenshots/issues/city/city__CITY02_1.png
2558	/Users/spectrumism/Projects/zxpress-screenshots/screenshots/issues/city/city__CITY03_1.png
2559	/Users/spectrumism/Projects/zxpress-screenshots/screenshots/issues/city/city__CITY04_1.png
2560	/Users/spectrumism/Projects/zxpress-screenshots/screenshots/issues/city/city__CITY05_1.png
2561	/Users/spectrumism/Projects/zxpress-screenshots/screenshots/issues/city/city__CITY06_1.png
2562	/Users/spectrumism/Projects/zxpress-screenshots/screenshots/issues/city/city__CITY07_1.png
2563	/Users/spectrumism/Projects/zxpress-screenshots/screenshots/issues/city/city__CITY08_1.png
2564	/Users/spectrumism/Projects/zxpress-screenshots/screenshots/issues/city/city__CITY09_1.png
2565	/Users/spectrumism/Projects/zxpress-screenshots/screenshots/issues/city/city__CITY10_1.png
2566	/Users/spectrumism/Projects/zxpress-screenshots/screenshots/issues/city/city__CITY11_1.png
2567	/Users/spectrumism/Projects/zxpress-screenshots/screenshots/issues/city/city__CITY12_1.png
2568	/Users/spectrumism/Projects/zxpress-screenshots/screenshots/issues/city/city__CITY13_1.png
2569	/Users/spectrumism/Projects/zxpress-screenshots/screenshots/issues/city/city__CITY14_1.png
2570	/Users/spectrumism/Projects/zxpress-screenshots/screenshots/issues/city/city__CITY15_1.png
2571	/Users/spectrumism/Projects/zxpress-screenshots/screenshots/issues/city/city__CITY17_1.png
2572	/Users/spectrumism/Projects/zxpress-screenshots/screenshots/issues/city/city__CITY18_1.png
2573	/Users/spectrumism/Projects/zxpress-screenshots/screenshots/issues/city/city__CITY19_1.png
2574	/Users/spectrumism/Projects/zxpress-screenshots/screenshots/issues/city/city__CITY21_1.png
2575	/Users/spectrumism/Projects/zxpress-screenshots/screenshots/issues/city/city__CITY22_1.png
2576	/Users/spectrumism/Projects/zxpress-screenshots/screenshots/issues/city/city__CITY23_1.png
2577	/Users/spectrumism/Projects/zxpress-screenshots/screenshots/issues/city/city__CITY24_1.png
2578	/Users/spectrumism/Projects/zxpress-screenshots/screenshots/issues/city/city__CITY25_1.png
2579	/Users/spectrumism/Projects/zxpress-screenshots/screenshots/issues/city/city__CITY35_1.png
2580	/Users/spectrumism/Projects/zxpress-screenshots/screenshots/issues/city/city__CITY37_1.png
2581	/Users/spectrumism/Projects/zxpress-screenshots/screenshots/issues/city/city__CITY38_1.png
2582	/Users/spectrumism/Projects/zxpress-screenshots/screenshots/issues/city/city__CITY39_1.png
2583	/Users/spectrumism/Projects/zxpress-screenshots/screenshots/issues/city/city__CITY40_1.png
2584	/Users/spectrumism/Projects/zxpress-screenshots/screenshots/issues/city/city__CITY40_2.png
2585	/Users/spectrumism/Projects/zxpress-screenshots/screenshots/issues/city/city__CITY42_1.png
2586	/Users/spectrumism/Projects/zxpress-screenshots/screenshots/issues/city/city__CITY42_3.png
2587	/Users/spectrumism/Projects/zxpress-screenshots/screenshots/issues/city/city__CITY43_1.png
2588	/Users/spectrumism/Projects/zxpress-screenshots/screenshots/issues/city/city__CITY43_3.png
2589	/Users/spectrumism/Projects/zxpress-screenshots/screenshots/issues/city/city__CITY44_1.png
2590	/Users/spectrumism/Projects/zxpress-screenshots/screenshots/issues/city/city__CITY44_3.png
2591	/Users/spectrumism/Projects/zxpress-screenshots/screenshots/issues/city/city__CITY45_1.png
2592	/Users/spectrumism/Projects/zxpress-screenshots/screenshots/issues/city/city__CITY45_2.png
2593	/Users/spectrumism/Projects/zxpress-screenshots/screenshots/issues/city/city__CITY46_1.png
2594	/Users/spectrumism/Projects/zxpress-screenshots/screenshots/issues/city/city__CITY46_2.png
2595	/Users/spectrumism/Projects/zxpress-screenshots/screenshots/issues/clime/clime__CLIME__2_1.png
2596	/Users/spectrumism/Projects/zxpress-screenshots/screenshots/issues/clime/clime__CLIME__2_2.png
2597	/Users/spectrumism/Projects/zxpress-screenshots/screenshots/issues/cossackos/cossackos__KOC10_1.png
2598	/Users/spectrumism/Projects/zxpress-screenshots/screenshots/issues/cossackos/cossackos__KOC11_1.png
2599	/Users/spectrumism/Projects/zxpress-screenshots/screenshots/issues/cossackos/cossackos__KOC12_1.png
2600	/Users/spectrumism/Projects/zxpress-screenshots/screenshots/issues/cossackos/cossackos__KOC14_1.png
2601	/Users/spectrumism/Projects/zxpress-screenshots/screenshots/issues/cossackos/cossackos__KOC15_2.png
2602	/Users/spectrumism/Projects/zxpress-screenshots/screenshots/issues/cossackos/cossackos__KOC16_1.png
2603	/Users/spectrumism/Projects/zxpress-screenshots/screenshots/issues/cossackos/cossackos__KOC17_1.png
2604	/Users/spectrumism/Projects/zxpress-screenshots/screenshots/issues/cossackos/cossackos__KOC19_1.png
2605	/Users/spectrumism/Projects/zxpress-screenshots/screenshots/issues/cossackos/cossackos__KOC19_2.png
2606	/Users/spectrumism/Projects/zxpress-screenshots/screenshots/issues/cossackos/cossackos__KOC2_1.png
2607	/Users/spectrumism/Projects/zxpress-screenshots/screenshots/issues/cossackos/cossackos__KOC20_1.png
2608	/Users/spectrumism/Projects/zxpress-screenshots/screenshots/issues/cossackos/cossackos__KOC20_2.png
2609	/Users/spectrumism/Projects/zxpress-screenshots/screenshots/issues/cossackos/cossackos__KOC5_1.png
2610	/Users/spectrumism/Projects/zxpress-screenshots/screenshots/issues/cossackos/cossackos__KOC8_1.png
2611	/Users/spectrumism/Projects/zxpress-screenshots/screenshots/issues/c-net week/c-net_week__CWEEK14_1.png
2612	/Users/spectrumism/Projects/zxpress-screenshots/screenshots/issues/c-net week/c-net_week__CWEEK14_2.png
2613	/Users/spectrumism/Projects/zxpress-screenshots/screenshots/issues/deja vu/deja_vu__DEJAVU0_1.png
2614	/Users/spectrumism/Projects/zxpress-screenshots/screenshots/issues/dnieprobite/dnieprobite__D_BITE02_1.png
2615	/Users/spectrumism/Projects/zxpress-screenshots/screenshots/issues/dnieprobite/dnieprobite__D_BITE04_1.png
2616	/Users/spectrumism/Projects/zxpress-screenshots/screenshots/issues/donnews/donnews__DONNEWS5_2.png
2617	/Users/spectrumism/Projects/zxpress-screenshots/screenshots/issues/dr. longman`s news/dr_longman_s_news__DLNEWS01_1.png
2618	/Users/spectrumism/Projects/zxpress-screenshots/screenshots/issues/dr. longman`s news/dr_longman_s_news__DLNEWS02_1.png
2619	/Users/spectrumism/Projects/zxpress-screenshots/screenshots/issues/dr. longman`s news/dr_longman_s_news__DLNEWS04_1.png
2620	/Users/spectrumism/Projects/zxpress-screenshots/screenshots/issues/dr. longman`s news/dr_longman_s_news__Dlnews03_1.png
2621	/Users/spectrumism/Projects/zxpress-screenshots/screenshots/issues/echo/echo__ECHO3_1.png
2622	/Users/spectrumism/Projects/zxpress-screenshots/screenshots/issues/explorer/explorer__EXPL2_2.png
2623	/Users/spectrumism/Projects/zxpress-screenshots/screenshots/issues/fanat newspaper/fanat_newspaper__FANAT02_1.png
2624	/Users/spectrumism/Projects/zxpress-screenshots/screenshots/issues/fanat newspaper/fanat_newspaper__FANAT02_2.png
2625	/Users/spectrumism/Projects/zxpress-screenshots/screenshots/issues/fanat newspaper/fanat_newspaper__FANAT03_2.png
2626	/Users/spectrumism/Projects/zxpress-screenshots/screenshots/issues/fantadrom/fantadrom__FTD2_1.png
2627	/Users/spectrumism/Projects/zxpress-screenshots/screenshots/issues/fantadrom/fantadrom__FTD2_2.png
2628	/Users/spectrumism/Projects/zxpress-screenshots/screenshots/issues/fantadrom/fantadrom__FTD3_1.png
2629	/Users/spectrumism/Projects/zxpress-screenshots/screenshots/issues/fantadrom/fantadrom__FTD3_2.png
2630	/Users/spectrumism/Projects/zxpress-screenshots/screenshots/issues/fantadrom/fantadrom__FTD4_1.png
2631	/Users/spectrumism/Projects/zxpress-screenshots/screenshots/issues/fantadrom/fantadrom__FTD4_2.png
2632	/Users/spectrumism/Projects/zxpress-screenshots/screenshots/issues/fantadrom/fantadrom__FTD5_1.png
2633	/Users/spectrumism/Projects/zxpress-screenshots/screenshots/issues/fantadrom/fantadrom__FTD5_2.png
2634	/Users/spectrumism/Projects/zxpress-screenshots/screenshots/issues/fantadrom/fantadrom__FTD6_1.png
2635	/Users/spectrumism/Projects/zxpress-screenshots/screenshots/issues/fantadrom/fantadrom__FTD6_2.png
2636	/Users/spectrumism/Projects/zxpress-screenshots/screenshots/issues/fantadrom/fantadrom__FTD8_1.png
2637	/Users/spectrumism/Projects/zxpress-screenshots/screenshots/issues/fantadrom/fantadrom__FTD8_2.png
2638	/Users/spectrumism/Projects/zxpress-screenshots/screenshots/issues/fantastic/fantastic__FAN_02_1.png
2639	/Users/spectrumism/Projects/zxpress-screenshots/screenshots/issues/fantastic/fantastic__FAN_04_2.png
2640	/Users/spectrumism/Projects/zxpress-screenshots/screenshots/issues/fantastic/fantastic__FAN_05_2.png
2641	/Users/spectrumism/Projects/zxpress-screenshots/screenshots/issues/fantastic/fantastic__FAN_06_2.png
2642	/Users/spectrumism/Projects/zxpress-screenshots/screenshots/issues/fantastic/fantastic__FAN_07_1.png
2643	/Users/spectrumism/Projects/zxpress-screenshots/screenshots/issues/fantastic/fantastic__FAN_08_2.png
2644	/Users/spectrumism/Projects/zxpress-screenshots/screenshots/issues/fantastic/fantastic__FAN_09_1.png
2645	/Users/spectrumism/Projects/zxpress-screenshots/screenshots/issues/fantastic/fantastic__FAN_10_2.png
2646	/Users/spectrumism/Projects/zxpress-screenshots/screenshots/issues/fantastic/fantastic__FAN_100_1.png
2647	/Users/spectrumism/Projects/zxpress-screenshots/screenshots/issues/fantastic/fantastic__FAN_102_1.png
2648	/Users/spectrumism/Projects/zxpress-screenshots/screenshots/issues/fantastic/fantastic__FAN_104_1.png
2649	/Users/spectrumism/Projects/zxpress-screenshots/screenshots/issues/fantastic/fantastic__FAN_105_1.png
2650	/Users/spectrumism/Projects/zxpress-screenshots/screenshots/issues/fantastic/fantastic__FAN_106_1.png
2651	/Users/spectrumism/Projects/zxpress-screenshots/screenshots/issues/fantastic/fantastic__FAN_107_1.png
2652	/Users/spectrumism/Projects/zxpress-screenshots/screenshots/issues/fantastic/fantastic__FAN_109_1.png
2653	/Users/spectrumism/Projects/zxpress-screenshots/screenshots/issues/fantastic/fantastic__FAN_11_1.png
2654	/Users/spectrumism/Projects/zxpress-screenshots/screenshots/issues/fantastic/fantastic__FAN_111_1.png
2655	/Users/spectrumism/Projects/zxpress-screenshots/screenshots/issues/fantastic/fantastic__FAN_113_1.png
2656	/Users/spectrumism/Projects/zxpress-screenshots/screenshots/issues/fantastic/fantastic__FAN_114_1.png
2657	/Users/spectrumism/Projects/zxpress-screenshots/screenshots/issues/fantastic/fantastic__FAN_115_1.png
2658	/Users/spectrumism/Projects/zxpress-screenshots/screenshots/issues/fantastic/fantastic__FAN_116_1.png
2659	/Users/spectrumism/Projects/zxpress-screenshots/screenshots/issues/fantastic/fantastic__FAN_117_1.png
2660	/Users/spectrumism/Projects/zxpress-screenshots/screenshots/issues/fantastic/fantastic__FAN_119_1.png
2661	/Users/spectrumism/Projects/zxpress-screenshots/screenshots/issues/fantastic/fantastic__FAN_12_2.png
2662	/Users/spectrumism/Projects/zxpress-screenshots/screenshots/issues/fantastic/fantastic__FAN_120_1.png
2663	/Users/spectrumism/Projects/zxpress-screenshots/screenshots/issues/fantastic/fantastic__FAN_121_1.png
2664	/Users/spectrumism/Projects/zxpress-screenshots/screenshots/issues/fantastic/fantastic__FAN_122_1.png
2665	/Users/spectrumism/Projects/zxpress-screenshots/screenshots/issues/fantastic/fantastic__FAN_123_1.png
2666	/Users/spectrumism/Projects/zxpress-screenshots/screenshots/issues/fantastic/fantastic__FAN_124_1.png
2667	/Users/spectrumism/Projects/zxpress-screenshots/screenshots/issues/fantastic/fantastic__FAN_125_1.png
2668	/Users/spectrumism/Projects/zxpress-screenshots/screenshots/issues/fantastic/fantastic__FAN_126_3.png
2669	/Users/spectrumism/Projects/zxpress-screenshots/screenshots/issues/fantastic/fantastic__FAN_129_1.png
2670	/Users/spectrumism/Projects/zxpress-screenshots/screenshots/issues/fantastic/fantastic__FAN_130_1.png
2671	/Users/spectrumism/Projects/zxpress-screenshots/screenshots/issues/fantastic/fantastic__FAN_131_1.png
2672	/Users/spectrumism/Projects/zxpress-screenshots/screenshots/issues/fantastic/fantastic__FAN_14_1.png
2673	/Users/spectrumism/Projects/zxpress-screenshots/screenshots/issues/fantastic/fantastic__FAN_15_1.png
2674	/Users/spectrumism/Projects/zxpress-screenshots/screenshots/issues/fantastic/fantastic__FAN_16_1.png
2675	/Users/spectrumism/Projects/zxpress-screenshots/screenshots/issues/fantastic/fantastic__FAN_17_1.png
2676	/Users/spectrumism/Projects/zxpress-screenshots/screenshots/issues/fantastic/fantastic__FAN_18_1.png
2677	/Users/spectrumism/Projects/zxpress-screenshots/screenshots/issues/fantastic/fantastic__FAN_19_1.png
2678	/Users/spectrumism/Projects/zxpress-screenshots/screenshots/issues/fantastic/fantastic__FAN_22_1.png
2679	/Users/spectrumism/Projects/zxpress-screenshots/screenshots/issues/fantastic/fantastic__FAN_23_1.png
2680	/Users/spectrumism/Projects/zxpress-screenshots/screenshots/issues/fantastic/fantastic__FAN_24_1.png
2681	/Users/spectrumism/Projects/zxpress-screenshots/screenshots/issues/fantastic/fantastic__FAN_25_1.png
2682	/Users/spectrumism/Projects/zxpress-screenshots/screenshots/issues/fantastic/fantastic__FAN_26_1.png
2683	/Users/spectrumism/Projects/zxpress-screenshots/screenshots/issues/fantastic/fantastic__FAN_27_1.png
2684	/Users/spectrumism/Projects/zxpress-screenshots/screenshots/issues/fantastic/fantastic__FAN_28_1.png
2685	/Users/spectrumism/Projects/zxpress-screenshots/screenshots/issues/fantastic/fantastic__FAN_29_1.png
2686	/Users/spectrumism/Projects/zxpress-screenshots/screenshots/issues/fantastic/fantastic__FAN_31_1.png
2687	/Users/spectrumism/Projects/zxpress-screenshots/screenshots/issues/fantastic/fantastic__FAN_32_1.png
2688	/Users/spectrumism/Projects/zxpress-screenshots/screenshots/issues/fantastic/fantastic__FAN_33_1.png
2689	/Users/spectrumism/Projects/zxpress-screenshots/screenshots/issues/fantastic/fantastic__FAN_36_1.png
2690	/Users/spectrumism/Projects/zxpress-screenshots/screenshots/issues/fantastic/fantastic__FAN_37_1.png
2691	/Users/spectrumism/Projects/zxpress-screenshots/screenshots/issues/fantastic/fantastic__FAN_38_1.png
2692	/Users/spectrumism/Projects/zxpress-screenshots/screenshots/issues/fantastic/fantastic__FAN_39_1.png
2693	/Users/spectrumism/Projects/zxpress-screenshots/screenshots/issues/fantastic/fantastic__FAN_40_1.png
2694	/Users/spectrumism/Projects/zxpress-screenshots/screenshots/issues/fantastic/fantastic__FAN_41_1.png
2695	/Users/spectrumism/Projects/zxpress-screenshots/screenshots/issues/fantastic/fantastic__FAN_42_1.png
2696	/Users/spectrumism/Projects/zxpress-screenshots/screenshots/issues/fantastic/fantastic__FAN_43_1.png
2697	/Users/spectrumism/Projects/zxpress-screenshots/screenshots/issues/fantastic/fantastic__FAN_44_1.png
2698	/Users/spectrumism/Projects/zxpress-screenshots/screenshots/issues/fantastic/fantastic__FAN_46_1.png
2699	/Users/spectrumism/Projects/zxpress-screenshots/screenshots/issues/fantastic/fantastic__FAN_47_1.png
2700	/Users/spectrumism/Projects/zxpress-screenshots/screenshots/issues/fantastic/fantastic__FAN_48_1.png
2701	/Users/spectrumism/Projects/zxpress-screenshots/screenshots/issues/fantastic/fantastic__FAN_49_1.png
2702	/Users/spectrumism/Projects/zxpress-screenshots/screenshots/issues/fantastic/fantastic__FAN_50_1.png
2703	/Users/spectrumism/Projects/zxpress-screenshots/screenshots/issues/fantastic/fantastic__FAN_52_1.png
2704	/Users/spectrumism/Projects/zxpress-screenshots/screenshots/issues/fantastic/fantastic__FAN_53_1.png
2705	/Users/spectrumism/Projects/zxpress-screenshots/screenshots/issues/fantastic/fantastic__FAN_54_1.png
2706	/Users/spectrumism/Projects/zxpress-screenshots/screenshots/issues/fantastic/fantastic__FAN_55_1.png
2707	/Users/spectrumism/Projects/zxpress-screenshots/screenshots/issues/fantastic/fantastic__FAN_55_2.png
2708	/Users/spectrumism/Projects/zxpress-screenshots/screenshots/issues/fantastic/fantastic__FAN_56_1.png
2709	/Users/spectrumism/Projects/zxpress-screenshots/screenshots/issues/fantastic/fantastic__FAN_56_2.png
2710	/Users/spectrumism/Projects/zxpress-screenshots/screenshots/issues/fantastic/fantastic__FAN_57_1.png
2711	/Users/spectrumism/Projects/zxpress-screenshots/screenshots/issues/fantastic/fantastic__FAN_57_2.png
2712	/Users/spectrumism/Projects/zxpress-screenshots/screenshots/issues/fantastic/fantastic__FAN_59_1.png
2713	/Users/spectrumism/Projects/zxpress-screenshots/screenshots/issues/fantastic/fantastic__FAN_59_2.png
2714	/Users/spectrumism/Projects/zxpress-screenshots/screenshots/issues/fantastic/fantastic__FAN_60_1.png
2715	/Users/spectrumism/Projects/zxpress-screenshots/screenshots/issues/fantastic/fantastic__FAN_61_1.png
2716	/Users/spectrumism/Projects/zxpress-screenshots/screenshots/issues/fantastic/fantastic__FAN_62_1.png
2717	/Users/spectrumism/Projects/zxpress-screenshots/screenshots/issues/fantastic/fantastic__FAN_63_1.png
2718	/Users/spectrumism/Projects/zxpress-screenshots/screenshots/issues/fantastic/fantastic__FAN_64_1.png
2719	/Users/spectrumism/Projects/zxpress-screenshots/screenshots/issues/fantastic/fantastic__FAN_65_1.png
2720	/Users/spectrumism/Projects/zxpress-screenshots/screenshots/issues/fantastic/fantastic__FAN_66_1.png
2721	/Users/spectrumism/Projects/zxpress-screenshots/screenshots/issues/fantastic/fantastic__FAN_66_2.png
2722	/Users/spectrumism/Projects/zxpress-screenshots/screenshots/issues/fantastic/fantastic__FAN_67_1.png
2723	/Users/spectrumism/Projects/zxpress-screenshots/screenshots/issues/fantastic/fantastic__FAN_67_2.png
2724	/Users/spectrumism/Projects/zxpress-screenshots/screenshots/issues/fantastic/fantastic__FAN_68_1.png
2725	/Users/spectrumism/Projects/zxpress-screenshots/screenshots/issues/fantastic/fantastic__FAN_69_1.png
2726	/Users/spectrumism/Projects/zxpress-screenshots/screenshots/issues/fantastic/fantastic__FAN_70_1.png
2727	/Users/spectrumism/Projects/zxpress-screenshots/screenshots/issues/fantastic/fantastic__FAN_71_1.png
2728	/Users/spectrumism/Projects/zxpress-screenshots/screenshots/issues/fantastic/fantastic__FAN_72_1.png
2729	/Users/spectrumism/Projects/zxpress-screenshots/screenshots/issues/fantastic/fantastic__FAN_73_1.png
2730	/Users/spectrumism/Projects/zxpress-screenshots/screenshots/issues/fantastic/fantastic__FAN_73_2.png
2731	/Users/spectrumism/Projects/zxpress-screenshots/screenshots/issues/fantastic/fantastic__FAN_74_1.png
2732	/Users/spectrumism/Projects/zxpress-screenshots/screenshots/issues/fantastic/fantastic__FAN_74_2.png
2733	/Users/spectrumism/Projects/zxpress-screenshots/screenshots/issues/fantastic/fantastic__FAN_75_1.png
2734	/Users/spectrumism/Projects/zxpress-screenshots/screenshots/issues/fantastic/fantastic__FAN_75_2.png
2735	/Users/spectrumism/Projects/zxpress-screenshots/screenshots/issues/fantastic/fantastic__FAN_76_1.png
2736	/Users/spectrumism/Projects/zxpress-screenshots/screenshots/issues/fantastic/fantastic__FAN_77_1.png
2737	/Users/spectrumism/Projects/zxpress-screenshots/screenshots/issues/fantastic/fantastic__FAN_78_1.png
2738	/Users/spectrumism/Projects/zxpress-screenshots/screenshots/issues/fantastic/fantastic__FAN_79_1.png
2739	/Users/spectrumism/Projects/zxpress-screenshots/screenshots/issues/fantastic/fantastic__FAN_79_2.png
2740	/Users/spectrumism/Projects/zxpress-screenshots/screenshots/issues/fantastic/fantastic__FAN_80_1.png
2741	/Users/spectrumism/Projects/zxpress-screenshots/screenshots/issues/fantastic/fantastic__FAN_81_1.png
2742	/Users/spectrumism/Projects/zxpress-screenshots/screenshots/issues/fantastic/fantastic__FAN_83_1.png
2743	/Users/spectrumism/Projects/zxpress-screenshots/screenshots/issues/fantastic/fantastic__FAN_83_2.png
2744	/Users/spectrumism/Projects/zxpress-screenshots/screenshots/issues/fantastic/fantastic__FAN_84_1.png
2745	/Users/spectrumism/Projects/zxpress-screenshots/screenshots/issues/fantastic/fantastic__FAN_86_1.png
2746	/Users/spectrumism/Projects/zxpress-screenshots/screenshots/issues/fantastic/fantastic__FAN_87_1.png
2747	/Users/spectrumism/Projects/zxpress-screenshots/screenshots/issues/fantastic/fantastic__FAN_88_1.png
2748	/Users/spectrumism/Projects/zxpress-screenshots/screenshots/issues/fantastic/fantastic__FAN_89_1.png
2749	/Users/spectrumism/Projects/zxpress-screenshots/screenshots/issues/fantastic/fantastic__FAN_90_1.png
2750	/Users/spectrumism/Projects/zxpress-screenshots/screenshots/issues/fantastic/fantastic__FAN_91_1.png
2751	/Users/spectrumism/Projects/zxpress-screenshots/screenshots/issues/fantastic/fantastic__FAN_92_1.png
2752	/Users/spectrumism/Projects/zxpress-screenshots/screenshots/issues/fantastic/fantastic__FAN_93_1.png
2753	/Users/spectrumism/Projects/zxpress-screenshots/screenshots/issues/fantastic/fantastic__FAN_94_1.png
2754	/Users/spectrumism/Projects/zxpress-screenshots/screenshots/issues/fantastic/fantastic__FAN_95_1.png
2755	/Users/spectrumism/Projects/zxpress-screenshots/screenshots/issues/fantastic/fantastic__FAN_96_1.png
2756	/Users/spectrumism/Projects/zxpress-screenshots/screenshots/issues/fantastic/fantastic__FAN_97_1.png
2757	/Users/spectrumism/Projects/zxpress-screenshots/screenshots/issues/fantastic/fantastic__FAN_98_1.png
2758	/Users/spectrumism/Projects/zxpress-screenshots/screenshots/issues/fantastic/fantastic__FAN_99_1.png
2759	/Users/spectrumism/Projects/zxpress-screenshots/screenshots/issues/fantik/fantik__FANTIK02_1.png
2760	/Users/spectrumism/Projects/zxpress-screenshots/screenshots/issues/fantik/fantik__FANTIK02_3.png
2761	/Users/spectrumism/Projects/zxpress-screenshots/screenshots/issues/fantik/fantik__FANTIK03_1.png
2762	/Users/spectrumism/Projects/zxpress-screenshots/screenshots/issues/fantik/fantik__FANTIK04_1.png
2763	/Users/spectrumism/Projects/zxpress-screenshots/screenshots/issues/fantik/fantik__FANTIK05_1.png
2764	/Users/spectrumism/Projects/zxpress-screenshots/screenshots/issues/fantik/fantik__FANTIK06_1.png
2765	/Users/spectrumism/Projects/zxpress-screenshots/screenshots/issues/fenzin/fenzin__FENZIN01_1.png
2766	/Users/spectrumism/Projects/zxpress-screenshots/screenshots/issues/fenzin/fenzin__FENZIN01_2.png
2767	/Users/spectrumism/Projects/zxpress-screenshots/screenshots/issues/flash info/flash_info__F_INFO04_1.png
2768	/Users/spectrumism/Projects/zxpress-screenshots/screenshots/issues/flash info/flash_info__F_INFO05_1.png
2769	/Users/spectrumism/Projects/zxpress-screenshots/screenshots/issues/flash info/flash_info__F_INFO06_1.png
2770	/Users/spectrumism/Projects/zxpress-screenshots/screenshots/issues/flash info/flash_info__F_INFO07_1.png
2771	/Users/spectrumism/Projects/zxpress-screenshots/screenshots/issues/flash info/flash_info__F_INFO08_1.png
2772	/Users/spectrumism/Projects/zxpress-screenshots/screenshots/issues/fuck/fuck__FUCK-03_1.png
2773	/Users/spectrumism/Projects/zxpress-screenshots/screenshots/issues/fuck/fuck__FUCK-03_2.png
2774	/Users/spectrumism/Projects/zxpress-screenshots/screenshots/issues/gorodok/gorodok__GOROD10_1.png
2775	/Users/spectrumism/Projects/zxpress-screenshots/screenshots/issues/gorodok/gorodok__GOROD11_1.png
2776	/Users/spectrumism/Projects/zxpress-screenshots/screenshots/issues/gorodok/gorodok__GOROD12_1.png
2777	/Users/spectrumism/Projects/zxpress-screenshots/screenshots/issues/gorodok/gorodok__GOROD13_1.png
2778	/Users/spectrumism/Projects/zxpress-screenshots/screenshots/issues/gorodok/gorodok__GOROD14_1.png
2779	/Users/spectrumism/Projects/zxpress-screenshots/screenshots/issues/gorodok/gorodok__GOROD15_1.png
2780	/Users/spectrumism/Projects/zxpress-screenshots/screenshots/issues/gorodok/gorodok__GOROD2_1.png
2781	/Users/spectrumism/Projects/zxpress-screenshots/screenshots/issues/gorodok/gorodok__GOROD2_3.png
2782	/Users/spectrumism/Projects/zxpress-screenshots/screenshots/issues/gorodok/gorodok__GOROD3_1.png
2783	/Users/spectrumism/Projects/zxpress-screenshots/screenshots/issues/gorodok/gorodok__GOROD4_1.png
2784	/Users/spectrumism/Projects/zxpress-screenshots/screenshots/issues/gorodok/gorodok__GOROD5_1.png
2785	/Users/spectrumism/Projects/zxpress-screenshots/screenshots/issues/gorodok/gorodok__GOROD6_1.png
2786	/Users/spectrumism/Projects/zxpress-screenshots/screenshots/issues/gorodok/gorodok__GOROD7_1.png
2787	/Users/spectrumism/Projects/zxpress-screenshots/screenshots/issues/gorodok/gorodok__GOROD8_1.png
2788	/Users/spectrumism/Projects/zxpress-screenshots/screenshots/issues/gorodok/gorodok__GOROD9_1.png
2789	/Users/spectrumism/Projects/zxpress-screenshots/screenshots/issues/heresy/heresy__SATANIC_3.png
2790	/Users/spectrumism/Projects/zxpress-screenshots/screenshots/issues/horror/horror__HORROR02_2.png
2791	/Users/spectrumism/Projects/zxpress-screenshots/screenshots/issues/horror/horror__HORROR03_2.png
2792	/Users/spectrumism/Projects/zxpress-screenshots/screenshots/issues/horror/horror__HORROR05_2.png
2793	/Users/spectrumism/Projects/zxpress-screenshots/screenshots/issues/izhnews/izhnews__IZHNEWS2_2.png
2794	/Users/spectrumism/Projects/zxpress-screenshots/screenshots/issues/lamergy/lamergy__ALTLMGB_1.png
2795	/Users/spectrumism/Projects/zxpress-screenshots/screenshots/issues/lamergy/lamergy__ALT_LMG2_1.png
2796	/Users/spectrumism/Projects/zxpress-screenshots/screenshots/issues/lamergy/lamergy__LAME-XXL_1.png
2797	/Users/spectrumism/Projects/zxpress-screenshots/screenshots/issues/lamergy/lamergy__LAME-XXL_2.png
2798	/Users/spectrumism/Projects/zxpress-screenshots/screenshots/issues/lamergy/lamergy__LAME2006_1.png
2799	/Users/spectrumism/Projects/zxpress-screenshots/screenshots/issues/lamergy/lamergy__LAMEKIDS_3.png
2800	/Users/spectrumism/Projects/zxpress-screenshots/screenshots/issues/lamergy/lamergy__LAMERG6P_1.png
2801	/Users/spectrumism/Projects/zxpress-screenshots/screenshots/issues/lamergy/lamergy__LAMERG6P_2.png
2802	/Users/spectrumism/Projects/zxpress-screenshots/screenshots/issues/lamergy/lamergy__LAMERG6P_3.png
2803	/Users/spectrumism/Projects/zxpress-screenshots/screenshots/issues/lamergy/lamergy__LAMERGY0_1.png
2804	/Users/spectrumism/Projects/zxpress-screenshots/screenshots/issues/lamergy/lamergy__LAMERGY0_2.png
2805	/Users/spectrumism/Projects/zxpress-screenshots/screenshots/issues/lamergy/lamergy__LAMERGY0_3.png
2806	/Users/spectrumism/Projects/zxpress-screenshots/screenshots/issues/lamergy/lamergy__LAMERGY1_1.png
2807	/Users/spectrumism/Projects/zxpress-screenshots/screenshots/issues/lamergy/lamergy__LAMERGY1_2.png
2808	/Users/spectrumism/Projects/zxpress-screenshots/screenshots/issues/lamergy/lamergy__LAMERGY2_1.png
2809	/Users/spectrumism/Projects/zxpress-screenshots/screenshots/issues/lamergy/lamergy__LAMERGY3_1.png
2810	/Users/spectrumism/Projects/zxpress-screenshots/screenshots/issues/lamergy/lamergy__LAMERGY3_2.png
2811	/Users/spectrumism/Projects/zxpress-screenshots/screenshots/issues/lamergy/lamergy__LAMERGY3_3.png
2812	/Users/spectrumism/Projects/zxpress-screenshots/screenshots/issues/lamergy/lamergy__LAMERGY4_1.png
2813	/Users/spectrumism/Projects/zxpress-screenshots/screenshots/issues/lamergy/lamergy__LAMERGY4_2.png
2814	/Users/spectrumism/Projects/zxpress-screenshots/screenshots/issues/lamergy/lamergy__LAMERGY5_1.png
2815	/Users/spectrumism/Projects/zxpress-screenshots/screenshots/issues/lamergy/lamergy__LAMERGY5_2.png
2816	/Users/spectrumism/Projects/zxpress-screenshots/screenshots/issues/lamergy/lamergy__LAMERGY5_3.png
2817	/Users/spectrumism/Projects/zxpress-screenshots/screenshots/issues/lamergy/lamergy__LAMERGY6_1.png
2818	/Users/spectrumism/Projects/zxpress-screenshots/screenshots/issues/lamergy/lamergy__LAMERGY7_1.png
2819	/Users/spectrumism/Projects/zxpress-screenshots/screenshots/issues/lamergy/lamergy__LAMERGY9_1.png
2820	/Users/spectrumism/Projects/zxpress-screenshots/screenshots/issues/lamergy/lamergy__LAMERGYA_1.png
2821	/Users/spectrumism/Projects/zxpress-screenshots/screenshots/issues/lamergy/lamergy__LAMERGYB_1.png
2822	/Users/spectrumism/Projects/zxpress-screenshots/screenshots/issues/lamergy/lamergy__LAMERGYC_1.png
2823	/Users/spectrumism/Projects/zxpress-screenshots/screenshots/issues/lamergy/lamergy__LAMERGYD_1.png
2824	/Users/spectrumism/Projects/zxpress-screenshots/screenshots/issues/lamergy/lamergy__LAMERGYE_1.png
2825	/Users/spectrumism/Projects/zxpress-screenshots/screenshots/issues/lamergy/lamergy__LAMERGYE_2.png
2826	/Users/spectrumism/Projects/zxpress-screenshots/screenshots/issues/lamergy/lamergy__LAMERGYF_1.png
2827	/Users/spectrumism/Projects/zxpress-screenshots/screenshots/issues/lamergy/lamergy__LAMERGYM_1.png
2828	/Users/spectrumism/Projects/zxpress-screenshots/screenshots/issues/lamergy/lamergy__LAMERGYR_1.png
2829	/Users/spectrumism/Projects/zxpress-screenshots/screenshots/issues/lamergy/lamergy__LAMERGYS_1.png
2830	/Users/spectrumism/Projects/zxpress-screenshots/screenshots/issues/lamergy/lamergy__LAMERGYS_2.png
2831	/Users/spectrumism/Projects/zxpress-screenshots/screenshots/issues/lamergy/lamergy__LAMERGYU_1.png
2832	/Users/spectrumism/Projects/zxpress-screenshots/screenshots/issues/lamergy/lamergy__LAMERGYU_2.png
2833	/Users/spectrumism/Projects/zxpress-screenshots/screenshots/issues/lamergy/lamergy__LAMERGYW_1.png
2834	/Users/spectrumism/Projects/zxpress-screenshots/screenshots/issues/lamergy/lamergy__LAMERGYX_1.png
2835	/Users/spectrumism/Projects/zxpress-screenshots/screenshots/issues/lamergy/lamergy__LAMERGYY_1.png
2836	/Users/spectrumism/Projects/zxpress-screenshots/screenshots/issues/lamergy/lamergy__LAMERGYZ_1.png
2837	/Users/spectrumism/Projects/zxpress-screenshots/screenshots/issues/lamergy/lamergy__LAMERGY_21_1.png
2838	/Users/spectrumism/Projects/zxpress-screenshots/screenshots/issues/lamergy/lamergy__LAMRGY12_1.png
2839	/Users/spectrumism/Projects/zxpress-screenshots/screenshots/issues/lamergy/lamergy__LAMX1_1.png
2840	/Users/spectrumism/Projects/zxpress-screenshots/screenshots/issues/lamergy/lamergy__LAMX2_1.png
2841	/Users/spectrumism/Projects/zxpress-screenshots/screenshots/issues/lamergy/lamergy__LAMX3_1.png
2842	/Users/spectrumism/Projects/zxpress-screenshots/screenshots/issues/lamergy/lamergy__LMG-XMAS_1.png
2843	/Users/spectrumism/Projects/zxpress-screenshots/screenshots/issues/lamergy/lamergy__LMG10_1.png
2844	/Users/spectrumism/Projects/zxpress-screenshots/screenshots/issues/lamergy/lamergy__LMG11_1.png
2845	/Users/spectrumism/Projects/zxpress-screenshots/screenshots/issues/lamergy/lamergy__LMG12_1.png
2846	/Users/spectrumism/Projects/zxpress-screenshots/screenshots/issues/lamergy/lamergy__LMG14_1.png
2847	/Users/spectrumism/Projects/zxpress-screenshots/screenshots/issues/lamergy/lamergy__LMG15_1.png
2848	/Users/spectrumism/Projects/zxpress-screenshots/screenshots/issues/lamergy/lamergy__LMG2007_1.png
2849	/Users/spectrumism/Projects/zxpress-screenshots/screenshots/issues/lamergy/lamergy__LMGSPEC_1.png
2850	/Users/spectrumism/Projects/zxpress-screenshots/screenshots/issues/lamergy/lamergy__LMGSPEC_2.png
2851	/Users/spectrumism/Projects/zxpress-screenshots/screenshots/issues/lamergy/lamergy__LMG_ACT_1.png
2852	/Users/spectrumism/Projects/zxpress-screenshots/screenshots/issues/lamergy/lamergy__LMG_GBK_1.png
2853	/Users/spectrumism/Projects/zxpress-screenshots/screenshots/issues/lamergy/lamergy__LMG_TBK_1.png
2854	/Users/spectrumism/Projects/zxpress-screenshots/screenshots/issues/last 128/last_128__LAST35_1.png
2855	/Users/spectrumism/Projects/zxpress-screenshots/screenshots/issues/last 128/last_128__LAST8025_2.png
2856	/Users/spectrumism/Projects/zxpress-screenshots/screenshots/issues/last 128/last_128__M_21R01_1.png
2857	/Users/spectrumism/Projects/zxpress-screenshots/screenshots/issues/life/life__LIFE02_1.png
2858	/Users/spectrumism/Projects/zxpress-screenshots/screenshots/issues/life/life__LIFE03_1.png
2859	/Users/spectrumism/Projects/zxpress-screenshots/screenshots/issues/life/life__LIFE04_2.png
2860	/Users/spectrumism/Projects/zxpress-screenshots/screenshots/issues/life/life__LIFE05_1.png
2861	/Users/spectrumism/Projects/zxpress-screenshots/screenshots/issues/life/life__LIFE06_1.png
2862	/Users/spectrumism/Projects/zxpress-screenshots/screenshots/issues/life/life__LIFE07_1.png
2863	/Users/spectrumism/Projects/zxpress-screenshots/screenshots/issues/life/life__LIFE08_1.png
2864	/Users/spectrumism/Projects/zxpress-screenshots/screenshots/issues/life/life__LIFE10_1.png
2865	/Users/spectrumism/Projects/zxpress-screenshots/screenshots/issues/life/life__LIFE11_1.png
2866	/Users/spectrumism/Projects/zxpress-screenshots/screenshots/issues/life/life__LIFE12_1.png
2867	/Users/spectrumism/Projects/zxpress-screenshots/screenshots/issues/life/life__LIFE13_1.png
2868	/Users/spectrumism/Projects/zxpress-screenshots/screenshots/issues/life/life__LIFE14_1.png
2869	/Users/spectrumism/Projects/zxpress-screenshots/screenshots/issues/life/life__LIFE16_1.png
2870	/Users/spectrumism/Projects/zxpress-screenshots/screenshots/issues/life/life__LIFE18_1.png
2871	/Users/spectrumism/Projects/zxpress-screenshots/screenshots/issues/life/life__LIFE19_1.png
2872	/Users/spectrumism/Projects/zxpress-screenshots/screenshots/issues/life/life__LIFE20_1.png
2873	/Users/spectrumism/Projects/zxpress-screenshots/screenshots/issues/life/life__LIFE24_1.png
2874	/Users/spectrumism/Projects/zxpress-screenshots/screenshots/issues/life/life__LIFE25_1.png
2875	/Users/spectrumism/Projects/zxpress-screenshots/screenshots/issues/life/life__LIFE26_1.png
2876	/Users/spectrumism/Projects/zxpress-screenshots/screenshots/issues/life/life__LIFE27_1.png
2877	/Users/spectrumism/Projects/zxpress-screenshots/screenshots/issues/life/life__LIFE28_2.png
2878	/Users/spectrumism/Projects/zxpress-screenshots/screenshots/issues/life/life__LIFE29_1.png
2879	/Users/spectrumism/Projects/zxpress-screenshots/screenshots/issues/life/life__LIFE31_1.png
2880	/Users/spectrumism/Projects/zxpress-screenshots/screenshots/issues/life/life__LIFE32_1.png
2881	/Users/spectrumism/Projects/zxpress-screenshots/screenshots/issues/life/life__LIFE33_1.png
2882	/Users/spectrumism/Projects/zxpress-screenshots/screenshots/issues/life/life__LIFE34_1.png
2883	/Users/spectrumism/Projects/zxpress-screenshots/screenshots/issues/life/life__LIFE35_1.png
2884	/Users/spectrumism/Projects/zxpress-screenshots/screenshots/issues/life/life__LIFE36_1.png
2885	/Users/spectrumism/Projects/zxpress-screenshots/screenshots/issues/life/life__LIFE37_1.png
2886	/Users/spectrumism/Projects/zxpress-screenshots/screenshots/issues/lime tree/lime_tree__L_TREE02_1.png
2887	/Users/spectrumism/Projects/zxpress-screenshots/screenshots/issues/lime tree/lime_tree__L_TREE04_1.png
2888	/Users/spectrumism/Projects/zxpress-screenshots/screenshots/issues/lime tree/lime_tree__L_TREE05_1.png
2889	/Users/spectrumism/Projects/zxpress-screenshots/screenshots/issues/lime tree/lime_tree__L_TREE06_1.png
2890	/Users/spectrumism/Projects/zxpress-screenshots/screenshots/issues/lime tree/lime_tree__L_TREE07_1.png
2891	/Users/spectrumism/Projects/zxpress-screenshots/screenshots/issues/lime tree/lime_tree__L_TREE08_1.png
2892	/Users/spectrumism/Projects/zxpress-screenshots/screenshots/issues/lime tree/lime_tree__L_TREE09_1.png
2893	/Users/spectrumism/Projects/zxpress-screenshots/screenshots/issues/lime tree/lime_tree__L_TREE10_1.png
2894	/Users/spectrumism/Projects/zxpress-screenshots/screenshots/issues/lime tree/lime_tree__L_TREE11_1.png
2895	/Users/spectrumism/Projects/zxpress-screenshots/screenshots/issues/lime tree/lime_tree__L_TREE12_1.png
2896	/Users/spectrumism/Projects/zxpress-screenshots/screenshots/issues/lime tree/lime_tree__L_TREE13_1.png
2897	/Users/spectrumism/Projects/zxpress-screenshots/screenshots/issues/lime tree/lime_tree__L_TREE14_1.png
2898	/Users/spectrumism/Projects/zxpress-screenshots/screenshots/issues/lime tree/lime_tree__L_TREE15_1.png
2899	/Users/spectrumism/Projects/zxpress-screenshots/screenshots/issues/lime tree/lime_tree__L_TREE16_1.png
2900	/Users/spectrumism/Projects/zxpress-screenshots/screenshots/issues/lime tree/lime_tree__L_TREE17_1.png
2901	/Users/spectrumism/Projects/zxpress-screenshots/screenshots/issues/lime tree/lime_tree__L_TREE18_1.png
2902	/Users/spectrumism/Projects/zxpress-screenshots/screenshots/issues/lime tree/lime_tree__L_TREE19_1.png
2903	/Users/spectrumism/Projects/zxpress-screenshots/screenshots/issues/lime tree/lime_tree__L_TREE20_1.png
2904	/Users/spectrumism/Projects/zxpress-screenshots/screenshots/issues/lime tree/lime_tree__L_TREE21_1.png
2905	/Users/spectrumism/Projects/zxpress-screenshots/screenshots/issues/lime tree/lime_tree__L_TREE22_1.png
2906	/Users/spectrumism/Projects/zxpress-screenshots/screenshots/issues/lime tree/lime_tree__L_TREE22_2.png
2907	/Users/spectrumism/Projects/zxpress-screenshots/screenshots/issues/lime tree/lime_tree__L_TREE23_1.png
2908	/Users/spectrumism/Projects/zxpress-screenshots/screenshots/issues/lime tree/lime_tree__L_TREE24_1.png
2909	/Users/spectrumism/Projects/zxpress-screenshots/screenshots/issues/lime tree/lime_tree__L_TREE25_1.png
2910	/Users/spectrumism/Projects/zxpress-screenshots/screenshots/issues/lime tree/lime_tree__L_TREE26_1.png
2911	/Users/spectrumism/Projects/zxpress-screenshots/screenshots/issues/listok/listok__LISTOK05_1.png
2912	/Users/spectrumism/Projects/zxpress-screenshots/screenshots/issues/listok/listok__LISTOK05_2.png
2913	/Users/spectrumism/Projects/zxpress-screenshots/screenshots/issues/listok/listok__LISTOK06_1.png
2914	/Users/spectrumism/Projects/zxpress-screenshots/screenshots/issues/listok/listok__LISTOK09_1.png
2915	/Users/spectrumism/Projects/zxpress-screenshots/screenshots/issues/listok/listok__LISTOK10_1.png
2916	/Users/spectrumism/Projects/zxpress-screenshots/screenshots/issues/listok/listok__LISTOK11_1.png
2917	/Users/spectrumism/Projects/zxpress-screenshots/screenshots/issues/listok/listok__LISTOK12_1.png
2918	/Users/spectrumism/Projects/zxpress-screenshots/screenshots/issues/listok/listok__LISTOK12_2.png
2919	/Users/spectrumism/Projects/zxpress-screenshots/screenshots/issues/listok/listok__LISTOK13_1.png
2920	/Users/spectrumism/Projects/zxpress-screenshots/screenshots/issues/listok/listok__LISTOK13_2.png
2921	/Users/spectrumism/Projects/zxpress-screenshots/screenshots/issues/listok/listok__LISTOK14_1.png
2922	/Users/spectrumism/Projects/zxpress-screenshots/screenshots/issues/listok/listok__LISTOK14_2.png
2923	/Users/spectrumism/Projects/zxpress-screenshots/screenshots/issues/listok/listok__LISTOK15_1.png
2924	/Users/spectrumism/Projects/zxpress-screenshots/screenshots/issues/listok/listok__LISTOK15_2.png
2925	/Users/spectrumism/Projects/zxpress-screenshots/screenshots/issues/listok/listok__LISTOK16_1.png
2926	/Users/spectrumism/Projects/zxpress-screenshots/screenshots/issues/listok/listok__LISTOK16_2.png
2927	/Users/spectrumism/Projects/zxpress-screenshots/screenshots/issues/listok/listok__LISTOK17_1.png
2928	/Users/spectrumism/Projects/zxpress-screenshots/screenshots/issues/listok/listok__LISTOK17_2.png
2929	/Users/spectrumism/Projects/zxpress-screenshots/screenshots/issues/listok/listok__LISTOK18_1.png
2930	/Users/spectrumism/Projects/zxpress-screenshots/screenshots/issues/listok/listok__LISTOK18_2.png
2931	/Users/spectrumism/Projects/zxpress-screenshots/screenshots/issues/listok/listok__LISTOK20_1.png
2932	/Users/spectrumism/Projects/zxpress-screenshots/screenshots/issues/listok/listok__LISTOK20_2.png
2933	/Users/spectrumism/Projects/zxpress-screenshots/screenshots/issues/listok/listok__LISTOK21_1.png
2934	/Users/spectrumism/Projects/zxpress-screenshots/screenshots/issues/listok/listok__LISTOK21_2.png
2935	/Users/spectrumism/Projects/zxpress-screenshots/screenshots/issues/listok/listok__LISTOK22_1.png
2936	/Users/spectrumism/Projects/zxpress-screenshots/screenshots/issues/listok/listok__LISTOK22_2.png
2937	/Users/spectrumism/Projects/zxpress-screenshots/screenshots/issues/listok/listok__LISTOK23_1.png
2938	/Users/spectrumism/Projects/zxpress-screenshots/screenshots/issues/listok/listok__LISTOK23_2.png
2939	/Users/spectrumism/Projects/zxpress-screenshots/screenshots/issues/lprint/lprint__LPRINT02_1.png
2940	/Users/spectrumism/Projects/zxpress-screenshots/screenshots/issues/lprint/lprint__LPRINT03_1.png
2941	/Users/spectrumism/Projects/zxpress-screenshots/screenshots/issues/lprint/lprint__LPRINT04_1.png
2942	/Users/spectrumism/Projects/zxpress-screenshots/screenshots/issues/lprint/lprint__LPRINT06_1.png
2943	/Users/spectrumism/Projects/zxpress-screenshots/screenshots/issues/lprint/lprint__LPRINT09_1.png
2944	/Users/spectrumism/Projects/zxpress-screenshots/screenshots/issues/lprint/lprint__LPRINT10_1.png
2945	/Users/spectrumism/Projects/zxpress-screenshots/screenshots/issues/lprint/lprint__LPRINT11_1.png
2946	/Users/spectrumism/Projects/zxpress-screenshots/screenshots/issues/lprint/lprint__LPRINT12_1.png
2947	/Users/spectrumism/Projects/zxpress-screenshots/screenshots/issues/lprint/lprint__LPRINT13_1.png
2948	/Users/spectrumism/Projects/zxpress-screenshots/screenshots/issues/lprint/lprint__LPRINT14_1.png
2949	/Users/spectrumism/Projects/zxpress-screenshots/screenshots/issues/lprint/lprint__LPRINT15_1.png
2950	/Users/spectrumism/Projects/zxpress-screenshots/screenshots/issues/lprint/lprint__LPRINT16_1.png
2951	/Users/spectrumism/Projects/zxpress-screenshots/screenshots/issues/lprint/lprint__LPRINT17_1.png
2952	/Users/spectrumism/Projects/zxpress-screenshots/screenshots/issues/lprint/lprint__LPRINT18_1.png
2953	/Users/spectrumism/Projects/zxpress-screenshots/screenshots/issues/lprint/lprint__LPRINT19_1.png
2954	/Users/spectrumism/Projects/zxpress-screenshots/screenshots/issues/lprint/lprint__LPRINT20_1.png
2955	/Users/spectrumism/Projects/zxpress-screenshots/screenshots/issues/lprint/lprint__LPRINT21_1.png
2956	/Users/spectrumism/Projects/zxpress-screenshots/screenshots/issues/lprint/lprint__LPRINT22_1.png
2957	/Users/spectrumism/Projects/zxpress-screenshots/screenshots/issues/marazm/marazm__MARAZM02_1.png
2958	/Users/spectrumism/Projects/zxpress-screenshots/screenshots/issues/marazm/marazm__MARAZM03_1.png
2959	/Users/spectrumism/Projects/zxpress-screenshots/screenshots/issues/marazm/marazm__MARAZM04_1.png
2960	/Users/spectrumism/Projects/zxpress-screenshots/screenshots/issues/marazm/marazm__MARAZM05_1.png
2961	/Users/spectrumism/Projects/zxpress-screenshots/screenshots/issues/marazm/marazm__MARAZM06_1.png
2962	/Users/spectrumism/Projects/zxpress-screenshots/screenshots/issues/marazm/marazm__MARAZM07_1.png
2963	/Users/spectrumism/Projects/zxpress-screenshots/screenshots/issues/marazm/marazm__MARAZM08_1.png
2964	/Users/spectrumism/Projects/zxpress-screenshots/screenshots/issues/marazm/marazm__MARAZM09_1.png
2965	/Users/spectrumism/Projects/zxpress-screenshots/screenshots/issues/marazm/marazm__MARAZM10_1.png
2966	/Users/spectrumism/Projects/zxpress-screenshots/screenshots/issues/marazm/marazm__MARAZM19_1.png
2967	/Users/spectrumism/Projects/zxpress-screenshots/screenshots/issues/marazm/marazm__MARAZM24_1.png
2968	/Users/spectrumism/Projects/zxpress-screenshots/screenshots/issues/maximum/maximum__MAXI_00_1.png
2969	/Users/spectrumism/Projects/zxpress-screenshots/screenshots/issues/maximum/maximum__MAXI_00_2.png
2970	/Users/spectrumism/Projects/zxpress-screenshots/screenshots/issues/maximum/maximum__MAXI_02_1.png
2971	/Users/spectrumism/Projects/zxpress-screenshots/screenshots/issues/maximum/maximum__MAXI_02_2.png
2972	/Users/spectrumism/Projects/zxpress-screenshots/screenshots/issues/maximum/maximum__MAXI_03_1.png
2973	/Users/spectrumism/Projects/zxpress-screenshots/screenshots/issues/maximum/maximum__MAXI_03_2.png
2974	/Users/spectrumism/Projects/zxpress-screenshots/screenshots/issues/maximum/maximum__MAXI_04_1.png
2975	/Users/spectrumism/Projects/zxpress-screenshots/screenshots/issues/maximum/maximum__MAXI_04_2.png
2976	/Users/spectrumism/Projects/zxpress-screenshots/screenshots/issues/maximum/maximum__MAXI_05_1.png
2977	/Users/spectrumism/Projects/zxpress-screenshots/screenshots/issues/maximum/maximum__MAXI_05_2.png
2978	/Users/spectrumism/Projects/zxpress-screenshots/screenshots/issues/maximum/maximum__MAXI_06_1.png
2979	/Users/spectrumism/Projects/zxpress-screenshots/screenshots/issues/maximum/maximum__MAXI_06_2.png
2980	/Users/spectrumism/Projects/zxpress-screenshots/screenshots/issues/maximum/maximum__MAXI_07_1.png
2981	/Users/spectrumism/Projects/zxpress-screenshots/screenshots/issues/maximum/maximum__MAXI_08_1.png
2982	/Users/spectrumism/Projects/zxpress-screenshots/screenshots/issues/maximum/maximum__MAXI_09_1.png
2983	/Users/spectrumism/Projects/zxpress-screenshots/screenshots/issues/maximum/maximum__MAXI_10_1.png
2984	/Users/spectrumism/Projects/zxpress-screenshots/screenshots/issues/maximum/maximum__MAXI_11_1.png
2985	/Users/spectrumism/Projects/zxpress-screenshots/screenshots/issues/maximum/maximum__MAXI_11_2.png
2986	/Users/spectrumism/Projects/zxpress-screenshots/screenshots/issues/maximum/maximum__MAXI_12_1.png
2987	/Users/spectrumism/Projects/zxpress-screenshots/screenshots/issues/maximum/maximum__MAXI_13_1.png
2988	/Users/spectrumism/Projects/zxpress-screenshots/screenshots/issues/maximum/maximum__MAXI_14_1.png
2989	/Users/spectrumism/Projects/zxpress-screenshots/screenshots/issues/maximum/maximum__MAXI_15_1.png
2990	/Users/spectrumism/Projects/zxpress-screenshots/screenshots/issues/maximum/maximum__MAXI_16_1.png
2991	/Users/spectrumism/Projects/zxpress-screenshots/screenshots/issues/maximum/maximum__MAXI_17_1.png
2992	/Users/spectrumism/Projects/zxpress-screenshots/screenshots/issues/maximum/maximum__MAXI_18_1.png
2993	/Users/spectrumism/Projects/zxpress-screenshots/screenshots/issues/maximum/maximum__MAXI_19_1.png
2994	/Users/spectrumism/Projects/zxpress-screenshots/screenshots/issues/maximum/maximum__MAXI_20_1.png
2995	/Users/spectrumism/Projects/zxpress-screenshots/screenshots/issues/maximum/maximum__MAXI_21_1.png
2996	/Users/spectrumism/Projects/zxpress-screenshots/screenshots/issues/maximum/maximum__MAXI_22_1.png
2997	/Users/spectrumism/Projects/zxpress-screenshots/screenshots/issues/maximum/maximum__MAXI_23_2.png
2998	/Users/spectrumism/Projects/zxpress-screenshots/screenshots/issues/maximum/maximum__MAXI_23_3.png
2999	/Users/spectrumism/Projects/zxpress-screenshots/screenshots/issues/maximum/maximum__MAXI_26_3.png
3000	/Users/spectrumism/Projects/zxpress-screenshots/screenshots/issues/maximum/maximum__MAXI_27_2.png
3001	/Users/spectrumism/Projects/zxpress-screenshots/screenshots/issues/maximum/maximum__MAXI_275_1.png
3002	/Users/spectrumism/Projects/zxpress-screenshots/screenshots/issues/maximum/maximum__MAXI_28_1.png
3003	/Users/spectrumism/Projects/zxpress-screenshots/screenshots/issues/maximum/maximum__MAXI_30_1.png
3004	/Users/spectrumism/Projects/zxpress-screenshots/screenshots/issues/maximum/maximum__MAXI_31_1.png
3005	/Users/spectrumism/Projects/zxpress-screenshots/screenshots/issues/maximum/maximum__MAXI_32_1.png
3006	/Users/spectrumism/Projects/zxpress-screenshots/screenshots/issues/maximum/maximum__MAXI_32_2.png
3007	/Users/spectrumism/Projects/zxpress-screenshots/screenshots/issues/maximum/maximum__MAXI_34_2.png
3008	/Users/spectrumism/Projects/zxpress-screenshots/screenshots/issues/maximum/maximum__MAXI_35_2.png
3009	/Users/spectrumism/Projects/zxpress-screenshots/screenshots/issues/maximum/maximum__MAXI_36_1.png
3010	/Users/spectrumism/Projects/zxpress-screenshots/screenshots/issues/maximum/maximum__MAXI_37_1.png
3011	/Users/spectrumism/Projects/zxpress-screenshots/screenshots/issues/maximum/maximum__MAXI_37_2.png
3012	/Users/spectrumism/Projects/zxpress-screenshots/screenshots/issues/maximum/maximum__MAXI_38_1.png
3013	/Users/spectrumism/Projects/zxpress-screenshots/screenshots/issues/maximum/maximum__MAXI_38_2.png
3014	/Users/spectrumism/Projects/zxpress-screenshots/screenshots/issues/maximum/maximum__MAXI_39_1.png
3015	/Users/spectrumism/Projects/zxpress-screenshots/screenshots/issues/maximum/maximum__MAXI_40_1.png
3016	/Users/spectrumism/Projects/zxpress-screenshots/screenshots/issues/maximum/maximum__MAXI_41_1.png
3017	/Users/spectrumism/Projects/zxpress-screenshots/screenshots/issues/maximum/maximum__MAXI_41_2.png
3018	/Users/spectrumism/Projects/zxpress-screenshots/screenshots/issues/maximum/maximum__MAXI_42_1.png
3019	/Users/spectrumism/Projects/zxpress-screenshots/screenshots/issues/maximum/maximum__MAXI_42_2.png
3020	/Users/spectrumism/Projects/zxpress-screenshots/screenshots/issues/maximum/maximum__MAXI_43_1.png
3021	/Users/spectrumism/Projects/zxpress-screenshots/screenshots/issues/maximum/maximum__MAXI_43_2.png
3022	/Users/spectrumism/Projects/zxpress-screenshots/screenshots/issues/maximum/maximum__MAXI_44_1.png
3023	/Users/spectrumism/Projects/zxpress-screenshots/screenshots/issues/maximum/maximum__MAXI_47_1.png
3024	/Users/spectrumism/Projects/zxpress-screenshots/screenshots/issues/mirage/mirage__MIRAGE1_1.png
3025	/Users/spectrumism/Projects/zxpress-screenshots/screenshots/issues/modern/modern__MODERN03_2.png
3026	/Users/spectrumism/Projects/zxpress-screenshots/screenshots/issues/modern/modern__MODERN06_2.png
3027	/Users/spectrumism/Projects/zxpress-screenshots/screenshots/issues/modern/modern__MODERN07_2.png
3028	/Users/spectrumism/Projects/zxpress-screenshots/screenshots/issues/modern/modern__MODERN09_2.png
3029	/Users/spectrumism/Projects/zxpress-screenshots/screenshots/issues/modern/modern__MODERN10_2.png
3030	/Users/spectrumism/Projects/zxpress-screenshots/screenshots/issues/modern/modern__MODERN11_2.png
3031	/Users/spectrumism/Projects/zxpress-screenshots/screenshots/issues/modern/modern__MODERN15_2.png
3032	/Users/spectrumism/Projects/zxpress-screenshots/screenshots/issues/modern/modern__MODERN16_2.png
3033	/Users/spectrumism/Projects/zxpress-screenshots/screenshots/issues/modern/modern__MODERN16_3.png
3034	/Users/spectrumism/Projects/zxpress-screenshots/screenshots/issues/modern/modern__MODERN17_1.png
3035	/Users/spectrumism/Projects/zxpress-screenshots/screenshots/issues/modern/modern__MODERN17_2.png
3036	/Users/spectrumism/Projects/zxpress-screenshots/screenshots/issues/move/move__MOVE02_1.png
3037	/Users/spectrumism/Projects/zxpress-screenshots/screenshots/issues/move/move__MOVE03_1.png
3038	/Users/spectrumism/Projects/zxpress-screenshots/screenshots/issues/move/move__MOVE04_1.png
3039	/Users/spectrumism/Projects/zxpress-screenshots/screenshots/issues/move/move__MOVE05_1.png
3040	/Users/spectrumism/Projects/zxpress-screenshots/screenshots/issues/move/move__MOVE06_1.png
3041	/Users/spectrumism/Projects/zxpress-screenshots/screenshots/issues/move/move__MOVE07_1.png
3042	/Users/spectrumism/Projects/zxpress-screenshots/screenshots/issues/move/move__MOVE08_1.png
3043	/Users/spectrumism/Projects/zxpress-screenshots/screenshots/issues/msd/msd__MSD02_1.png
3044	/Users/spectrumism/Projects/zxpress-screenshots/screenshots/issues/msd/msd__MSD02_2.png
3045	/Users/spectrumism/Projects/zxpress-screenshots/screenshots/issues/msd/msd__MSD05_1.png
3046	/Users/spectrumism/Projects/zxpress-screenshots/screenshots/issues/msd/msd__MSD05_2.png
3047	/Users/spectrumism/Projects/zxpress-screenshots/screenshots/issues/msd/msd__MSD07_2.png
3048	/Users/spectrumism/Projects/zxpress-screenshots/screenshots/issues/msd/msd__MSD07_3.png
3049	/Users/spectrumism/Projects/zxpress-screenshots/screenshots/issues/msd/msd__MSD08_1.png
3050	/Users/spectrumism/Projects/zxpress-screenshots/screenshots/issues/msd/msd__MSD08_2.png
3051	/Users/spectrumism/Projects/zxpress-screenshots/screenshots/issues/msd/msd__MSD10_2.png
3052	/Users/spectrumism/Projects/zxpress-screenshots/screenshots/issues/my speccy/my_speccy__MYSPECCY_1.png
3053	/Users/spectrumism/Projects/zxpress-screenshots/screenshots/issues/neformal/neformal__NEFOR_05_1.png
3054	/Users/spectrumism/Projects/zxpress-screenshots/screenshots/issues/neformal/neformal__NEFOR_05_2.png
3055	/Users/spectrumism/Projects/zxpress-screenshots/screenshots/issues/neformal/neformal__NEFOR_06_1.png
3056	/Users/spectrumism/Projects/zxpress-screenshots/screenshots/issues/neformal/neformal__NEFOR_06_2.png
3057	/Users/spectrumism/Projects/zxpress-screenshots/screenshots/issues/neformal/neformal__NEFOR_07_2.png
3058	/Users/spectrumism/Projects/zxpress-screenshots/screenshots/issues/neformal/neformal__NEFOR_08_1.png
3059	/Users/spectrumism/Projects/zxpress-screenshots/screenshots/issues/nemofaq/nemofaq__NEMOFAQ3_2.png
3060	/Users/spectrumism/Projects/zxpress-screenshots/screenshots/issues/nemofaq/nemofaq__NEMOFAQ4_1.png
3061	/Users/spectrumism/Projects/zxpress-screenshots/screenshots/issues/nemofaq/nemofaq__NEMOFAQ5_2.png
3062	/Users/spectrumism/Projects/zxpress-screenshots/screenshots/issues/nemofaq/nemofaq__NEMOFAQ6_2.png
3063	/Users/spectrumism/Projects/zxpress-screenshots/screenshots/issues/nemofaq/nemofaq__NEMOFAQ7_2.png
3064	/Users/spectrumism/Projects/zxpress-screenshots/screenshots/issues/netus news/netus_news__NETNEW07_1.png
3065	/Users/spectrumism/Projects/zxpress-screenshots/screenshots/issues/netus news/netus_news__NETNEW07_2.png
3066	/Users/spectrumism/Projects/zxpress-screenshots/screenshots/issues/next/next__NEXT0-3_1.png
3067	/Users/spectrumism/Projects/zxpress-screenshots/screenshots/issues/next/next__NEXT4-5_1.png
3068	/Users/spectrumism/Projects/zxpress-screenshots/screenshots/issues/nicron/nicron__NICRON02_1.png
3069	/Users/spectrumism/Projects/zxpress-screenshots/screenshots/issues/nicron/nicron__NICRON02_2.png
3070	/Users/spectrumism/Projects/zxpress-screenshots/screenshots/issues/nicron/nicron__NICRON03_1.png
3071	/Users/spectrumism/Projects/zxpress-screenshots/screenshots/issues/nicron/nicron__NICRON03_2.png
3072	/Users/spectrumism/Projects/zxpress-screenshots/screenshots/issues/nicron/nicron__NICRON04_1.png
3073	/Users/spectrumism/Projects/zxpress-screenshots/screenshots/issues/nicron/nicron__NICRON04_2.png
3074	/Users/spectrumism/Projects/zxpress-screenshots/screenshots/issues/nicron/nicron__NICRON05_1.png
3075	/Users/spectrumism/Projects/zxpress-screenshots/screenshots/issues/nicron/nicron__NICRON05_2.png
3076	/Users/spectrumism/Projects/zxpress-screenshots/screenshots/issues/nicron/nicron__NICRON06_1.png
3077	/Users/spectrumism/Projects/zxpress-screenshots/screenshots/issues/nicron/nicron__NICRON06_2.png
3078	/Users/spectrumism/Projects/zxpress-screenshots/screenshots/issues/nicron/nicron__NICRON07_1.png
3079	/Users/spectrumism/Projects/zxpress-screenshots/screenshots/issues/nicron/nicron__NICRON07_2.png
3080	/Users/spectrumism/Projects/zxpress-screenshots/screenshots/issues/nicron/nicron__NICRON08_1.png
3081	/Users/spectrumism/Projects/zxpress-screenshots/screenshots/issues/nicron/nicron__NICRON09_1.png
3082	/Users/spectrumism/Projects/zxpress-screenshots/screenshots/issues/nicron/nicron__NICRON11_1.png
3083	/Users/spectrumism/Projects/zxpress-screenshots/screenshots/issues/nicron/nicron__NICRON12_1.png
3084	/Users/spectrumism/Projects/zxpress-screenshots/screenshots/issues/nicron/nicron__NICRON13_1.png
3085	/Users/spectrumism/Projects/zxpress-screenshots/screenshots/issues/nicron/nicron__NICRON14_1.png
3086	/Users/spectrumism/Projects/zxpress-screenshots/screenshots/issues/nicron/nicron__NICRON15_1.png
3087	/Users/spectrumism/Projects/zxpress-screenshots/screenshots/issues/nicron/nicron__NICRON16_1.png
3088	/Users/spectrumism/Projects/zxpress-screenshots/screenshots/issues/nicron/nicron__NICRON17_1.png
3089	/Users/spectrumism/Projects/zxpress-screenshots/screenshots/issues/nicron/nicron__NICRON18_1.png
3090	/Users/spectrumism/Projects/zxpress-screenshots/screenshots/issues/nicron/nicron__NICRON19_1.png
3091	/Users/spectrumism/Projects/zxpress-screenshots/screenshots/issues/nicron/nicron__NICRON21_1.png
3092	/Users/spectrumism/Projects/zxpress-screenshots/screenshots/issues/nicron/nicron__NICRON22_1.png
3093	/Users/spectrumism/Projects/zxpress-screenshots/screenshots/issues/nicron/nicron__NICRON23_1.png
3094	/Users/spectrumism/Projects/zxpress-screenshots/screenshots/issues/nicron/nicron__NICRON27_1.png
3095	/Users/spectrumism/Projects/zxpress-screenshots/screenshots/issues/nicron/nicron__NICRON28_1.png
3096	/Users/spectrumism/Projects/zxpress-screenshots/screenshots/issues/nicron/nicron__NICRON29_1.png
3097	/Users/spectrumism/Projects/zxpress-screenshots/screenshots/issues/nicron/nicron__NICRON31_1.png
3098	/Users/spectrumism/Projects/zxpress-screenshots/screenshots/issues/nicron/nicron__NICRON33_1.png
3099	/Users/spectrumism/Projects/zxpress-screenshots/screenshots/issues/nicron/nicron__NICRON34_1.png
3100	/Users/spectrumism/Projects/zxpress-screenshots/screenshots/issues/nicron/nicron__NICRON35_1.png
3101	/Users/spectrumism/Projects/zxpress-screenshots/screenshots/issues/nicron/nicron__NICRON36_1.png
3102	/Users/spectrumism/Projects/zxpress-screenshots/screenshots/issues/nicron/nicron__NICRON37_1.png
3103	/Users/spectrumism/Projects/zxpress-screenshots/screenshots/issues/nicron/nicron__NICRON38_1.png
3104	/Users/spectrumism/Projects/zxpress-screenshots/screenshots/issues/nicron/nicron__NICRON39_1.png
3105	/Users/spectrumism/Projects/zxpress-screenshots/screenshots/issues/nicron/nicron__NICRON40_1.png
3106	/Users/spectrumism/Projects/zxpress-screenshots/screenshots/issues/nicron/nicron__NICRON41_1.png
3107	/Users/spectrumism/Projects/zxpress-screenshots/screenshots/issues/nicron/nicron__NICRON43_1.png
3108	/Users/spectrumism/Projects/zxpress-screenshots/screenshots/issues/nicron/nicron__NICRON44_1.png
3109	/Users/spectrumism/Projects/zxpress-screenshots/screenshots/issues/nicron/nicron__NICRON45_1.png
3110	/Users/spectrumism/Projects/zxpress-screenshots/screenshots/issues/nicron/nicron__NICRON46_1.png
3111	/Users/spectrumism/Projects/zxpress-screenshots/screenshots/issues/nicron/nicron__NICRON47_1.png
3112	/Users/spectrumism/Projects/zxpress-screenshots/screenshots/issues/nicron/nicron__NICRON48_1.png
3113	/Users/spectrumism/Projects/zxpress-screenshots/screenshots/issues/nicron/nicron__NICRON48_2.png
3114	/Users/spectrumism/Projects/zxpress-screenshots/screenshots/issues/nicron/nicron__NICRON50_1.png
3115	/Users/spectrumism/Projects/zxpress-screenshots/screenshots/issues/nicron/nicron__NICRON52_1.png
3116	/Users/spectrumism/Projects/zxpress-screenshots/screenshots/issues/nicron/nicron__NICRON53_1.png
3117	/Users/spectrumism/Projects/zxpress-screenshots/screenshots/issues/nicron/nicron__NICRON54_1.png
3118	/Users/spectrumism/Projects/zxpress-screenshots/screenshots/issues/nicron/nicron__NICRON55_1.png
3119	/Users/spectrumism/Projects/zxpress-screenshots/screenshots/issues/nicron/nicron__NICRON56_1.png
3120	/Users/spectrumism/Projects/zxpress-screenshots/screenshots/issues/nicron/nicron__NICRON57_1.png
3121	/Users/spectrumism/Projects/zxpress-screenshots/screenshots/issues/nicron/nicron__NICRON58_1.png
3122	/Users/spectrumism/Projects/zxpress-screenshots/screenshots/issues/nicron/nicron__NICRON59_1.png
3123	/Users/spectrumism/Projects/zxpress-screenshots/screenshots/issues/nicron/nicron__NICRON61_1.png
3124	/Users/spectrumism/Projects/zxpress-screenshots/screenshots/issues/nicron/nicron__NICRON62_1.png
3125	/Users/spectrumism/Projects/zxpress-screenshots/screenshots/issues/nicron/nicron__NICRON63_1.png
3126	/Users/spectrumism/Projects/zxpress-screenshots/screenshots/issues/nicron/nicron__NICRON65_1.png
3127	/Users/spectrumism/Projects/zxpress-screenshots/screenshots/issues/nicron/nicron__NICRON66_1.png
3128	/Users/spectrumism/Projects/zxpress-screenshots/screenshots/issues/nicron/nicron__NICRON70_1.png
3129	/Users/spectrumism/Projects/zxpress-screenshots/screenshots/issues/nicron/nicron__NICRON70_2.png
3130	/Users/spectrumism/Projects/zxpress-screenshots/screenshots/issues/nicron/nicron__NICRON71_1.png
3131	/Users/spectrumism/Projects/zxpress-screenshots/screenshots/issues/nicron/nicron__NICRON72_1.png
3132	/Users/spectrumism/Projects/zxpress-screenshots/screenshots/issues/nicron/nicron__NICRON73_1.png
3133	/Users/spectrumism/Projects/zxpress-screenshots/screenshots/issues/nicron/nicron__NICRON74_1.png
3134	/Users/spectrumism/Projects/zxpress-screenshots/screenshots/issues/nicron/nicron__NICRON75_1.png
3135	/Users/spectrumism/Projects/zxpress-screenshots/screenshots/issues/nicron/nicron__NICRON76_1.png
3136	/Users/spectrumism/Projects/zxpress-screenshots/screenshots/issues/nicron/nicron__NICRON77_1.png
3137	/Users/spectrumism/Projects/zxpress-screenshots/screenshots/issues/nicron/nicron__NICRON78_1.png
3138	/Users/spectrumism/Projects/zxpress-screenshots/screenshots/issues/nicron/nicron__NICRON79_1.png
3139	/Users/spectrumism/Projects/zxpress-screenshots/screenshots/issues/nicron/nicron__NICRON82_1.png
3140	/Users/spectrumism/Projects/zxpress-screenshots/screenshots/issues/nicron/nicron__NICRON83_1.png
3141	/Users/spectrumism/Projects/zxpress-screenshots/screenshots/issues/nicron/nicron__NICRON84_1.png
3142	/Users/spectrumism/Projects/zxpress-screenshots/screenshots/issues/nicron/nicron__NICRON85_1.png
3143	/Users/spectrumism/Projects/zxpress-screenshots/screenshots/issues/nicron/nicron__NICRON88_1.png
3144	/Users/spectrumism/Projects/zxpress-screenshots/screenshots/issues/nicron/nicron__NICRON92_1.png
3145	/Users/spectrumism/Projects/zxpress-screenshots/screenshots/issues/nicron/nicron__NICRON94_1.png
3146	/Users/spectrumism/Projects/zxpress-screenshots/screenshots/issues/nicron/nicron__NICRON97_1.png
3147	/Users/spectrumism/Projects/zxpress-screenshots/screenshots/issues/nicron/nicron__NICRON98_1.png
3148	/Users/spectrumism/Projects/zxpress-screenshots/screenshots/issues/nicron/nicron__NICRON99_1.png
3149	/Users/spectrumism/Projects/zxpress-screenshots/screenshots/issues/nicron/nicron__NICR_100_1.png
3150	/Users/spectrumism/Projects/zxpress-screenshots/screenshots/issues/nicron/nicron__NICR_103_1.png
3151	/Users/spectrumism/Projects/zxpress-screenshots/screenshots/issues/nicron/nicron__NICR_105_1.png
3152	/Users/spectrumism/Projects/zxpress-screenshots/screenshots/issues/nicron/nicron__NICR_110_1.png
3153	/Users/spectrumism/Projects/zxpress-screenshots/screenshots/issues/nicron/nicron__NICR_114_1.png
3154	/Users/spectrumism/Projects/zxpress-screenshots/screenshots/issues/nicron/nicron__NICR_117_2.png
3155	/Users/spectrumism/Projects/zxpress-screenshots/screenshots/issues/odyssey paper/odyssey_paper__ODDY03_1.png
3156	/Users/spectrumism/Projects/zxpress-screenshots/screenshots/issues/odyssey paper/odyssey_paper__ODDY03_2.png
3157	/Users/spectrumism/Projects/zxpress-screenshots/screenshots/issues/odyssey paper/odyssey_paper__ODDY05_1.png
3158	/Users/spectrumism/Projects/zxpress-screenshots/screenshots/issues/on-line/on-line__ONLINE02_1.png
3159	/Users/spectrumism/Projects/zxpress-screenshots/screenshots/issues/on-line/on-line__ONLINE02_2.png
3160	/Users/spectrumism/Projects/zxpress-screenshots/screenshots/issues/on-line/on-line__ONLINE02_3.png
3161	/Users/spectrumism/Projects/zxpress-screenshots/screenshots/issues/on-line/on-line__ONLINE03_1.png
3162	/Users/spectrumism/Projects/zxpress-screenshots/screenshots/issues/on-line/on-line__ONLINE03_2.png
3163	/Users/spectrumism/Projects/zxpress-screenshots/screenshots/issues/on-line/on-line__ONLINE03_3.png
3164	/Users/spectrumism/Projects/zxpress-screenshots/screenshots/issues/on-line/on-line__ONLINE04_1.png
3165	/Users/spectrumism/Projects/zxpress-screenshots/screenshots/issues/on-line/on-line__ONLINE04_2.png
3166	/Users/spectrumism/Projects/zxpress-screenshots/screenshots/issues/on-line/on-line__ONLINE05_1.png
3167	/Users/spectrumism/Projects/zxpress-screenshots/screenshots/issues/on-line/on-line__ONLINE05_2.png
3168	/Users/spectrumism/Projects/zxpress-screenshots/screenshots/issues/on-line/on-line__ONLINE06_1.png
3169	/Users/spectrumism/Projects/zxpress-screenshots/screenshots/issues/on-line/on-line__ONLINE06_2.png
3170	/Users/spectrumism/Projects/zxpress-screenshots/screenshots/issues/on-line/on-line__ONLINE07_1.png
3171	/Users/spectrumism/Projects/zxpress-screenshots/screenshots/issues/on-line/on-line__ONLINE07_2.png
3172	/Users/spectrumism/Projects/zxpress-screenshots/screenshots/issues/on-line/on-line__ONLINE08_1.png
3173	/Users/spectrumism/Projects/zxpress-screenshots/screenshots/issues/on-line/on-line__ONLINE08_2.png
3174	/Users/spectrumism/Projects/zxpress-screenshots/screenshots/issues/on-line/on-line__ONLINE09_1.png
3175	/Users/spectrumism/Projects/zxpress-screenshots/screenshots/issues/on-line/on-line__ONLINE09_2.png
3176	/Users/spectrumism/Projects/zxpress-screenshots/screenshots/issues/on-line/on-line__ONLINE10_1.png
3177	/Users/spectrumism/Projects/zxpress-screenshots/screenshots/issues/on-line/on-line__ONLINE10_2.png
3178	/Users/spectrumism/Projects/zxpress-screenshots/screenshots/issues/on-line/on-line__ONLINE11_1.png
3179	/Users/spectrumism/Projects/zxpress-screenshots/screenshots/issues/on-line/on-line__ONLINE11_2.png
3180	/Users/spectrumism/Projects/zxpress-screenshots/screenshots/issues/on-line/on-line__ONLINE12_1.png
3181	/Users/spectrumism/Projects/zxpress-screenshots/screenshots/issues/on-line/on-line__ONLINE12_2.png
3182	/Users/spectrumism/Projects/zxpress-screenshots/screenshots/issues/on-line/on-line__ONLINE13_1.png
3183	/Users/spectrumism/Projects/zxpress-screenshots/screenshots/issues/on-line/on-line__ONLINE13_2.png
3184	/Users/spectrumism/Projects/zxpress-screenshots/screenshots/issues/on-line/on-line__ONLINE14_1.png
3185	/Users/spectrumism/Projects/zxpress-screenshots/screenshots/issues/on-line/on-line__ONLINE14_2.png
3186	/Users/spectrumism/Projects/zxpress-screenshots/screenshots/issues/on-line/on-line__ONLINE15_1.png
3187	/Users/spectrumism/Projects/zxpress-screenshots/screenshots/issues/on-line/on-line__ONLINE15_2.png
3188	/Users/spectrumism/Projects/zxpress-screenshots/screenshots/issues/on-line/on-line__ONLINE16_1.png
3189	/Users/spectrumism/Projects/zxpress-screenshots/screenshots/issues/on-line/on-line__ONLINE16_2.png
3190	/Users/spectrumism/Projects/zxpress-screenshots/screenshots/issues/on-line/on-line__ONLINE17_1.png
3191	/Users/spectrumism/Projects/zxpress-screenshots/screenshots/issues/on-line/on-line__ONLINE17_2.png
3192	/Users/spectrumism/Projects/zxpress-screenshots/screenshots/issues/on-line/on-line__ONLINE18_1.png
3193	/Users/spectrumism/Projects/zxpress-screenshots/screenshots/issues/on-line/on-line__ONLINE18_2.png
3194	/Users/spectrumism/Projects/zxpress-screenshots/screenshots/issues/on-line/on-line__ONLINE19_1.png
3195	/Users/spectrumism/Projects/zxpress-screenshots/screenshots/issues/on-line/on-line__ONLINE19_2.png
3196	/Users/spectrumism/Projects/zxpress-screenshots/screenshots/issues/on-line/on-line__ONLINE20_1.png
3197	/Users/spectrumism/Projects/zxpress-screenshots/screenshots/issues/on-line/on-line__ONLINE20_2.png
3198	/Users/spectrumism/Projects/zxpress-screenshots/screenshots/issues/on-line/on-line__ONLINE21_1.png
3199	/Users/spectrumism/Projects/zxpress-screenshots/screenshots/issues/on-line/on-line__ONLINE21_2.png
3200	/Users/spectrumism/Projects/zxpress-screenshots/screenshots/issues/on-line/on-line__ONLINE22_1.png
3201	/Users/spectrumism/Projects/zxpress-screenshots/screenshots/issues/on-line/on-line__ONLINE22_2.png
3202	/Users/spectrumism/Projects/zxpress-screenshots/screenshots/issues/on-line/on-line__ONLINE23_1.png
3203	/Users/spectrumism/Projects/zxpress-screenshots/screenshots/issues/on-line/on-line__ONLINE23_2.png
3204	/Users/spectrumism/Projects/zxpress-screenshots/screenshots/issues/on-line/on-line__ONLINE24_1.png
3205	/Users/spectrumism/Projects/zxpress-screenshots/screenshots/issues/on-line/on-line__ONLINE24_2.png
3206	/Users/spectrumism/Projects/zxpress-screenshots/screenshots/issues/on-line/on-line__ONLINE25_1.png
3207	/Users/spectrumism/Projects/zxpress-screenshots/screenshots/issues/on-line/on-line__ONLINE25_2.png
3208	/Users/spectrumism/Projects/zxpress-screenshots/screenshots/issues/on-line/on-line__ONLINE27_1.png
3209	/Users/spectrumism/Projects/zxpress-screenshots/screenshots/issues/on-line/on-line__ONLINE27_2.png
3210	/Users/spectrumism/Projects/zxpress-screenshots/screenshots/issues/on-line/on-line__ONLINE28_1.png
3211	/Users/spectrumism/Projects/zxpress-screenshots/screenshots/issues/on-line/on-line__ONLINE28_2.png
3212	/Users/spectrumism/Projects/zxpress-screenshots/screenshots/issues/on-line/on-line__ONLINE29_1.png
3213	/Users/spectrumism/Projects/zxpress-screenshots/screenshots/issues/on-line/on-line__ONLINE29_2.png
3214	/Users/spectrumism/Projects/zxpress-screenshots/screenshots/issues/on-line/on-line__ONLINE30_1.png
3215	/Users/spectrumism/Projects/zxpress-screenshots/screenshots/issues/on-line/on-line__ONLINE30_2.png
3216	/Users/spectrumism/Projects/zxpress-screenshots/screenshots/issues/on-line/on-line__ONLINE31_1.png
3217	/Users/spectrumism/Projects/zxpress-screenshots/screenshots/issues/on-line/on-line__ONLINE31_2.png
3218	/Users/spectrumism/Projects/zxpress-screenshots/screenshots/issues/on-line/on-line__ONLINE32_1.png
3219	/Users/spectrumism/Projects/zxpress-screenshots/screenshots/issues/on-line/on-line__ONLINE32_2.png
3220	/Users/spectrumism/Projects/zxpress-screenshots/screenshots/issues/on-line/on-line__ONLINE34_1.png
3221	/Users/spectrumism/Projects/zxpress-screenshots/screenshots/issues/on-line/on-line__ONLINE34_2.png
3222	/Users/spectrumism/Projects/zxpress-screenshots/screenshots/issues/on-line/on-line__ONLINE35_1.png
3223	/Users/spectrumism/Projects/zxpress-screenshots/screenshots/issues/on-line/on-line__ONLINE35_2.png
3224	/Users/spectrumism/Projects/zxpress-screenshots/screenshots/issues/on-line/on-line__ONLINE36_1.png
3225	/Users/spectrumism/Projects/zxpress-screenshots/screenshots/issues/on-line/on-line__ONLINE36_2.png
3226	/Users/spectrumism/Projects/zxpress-screenshots/screenshots/issues/on-line/on-line__ONLINE37_1.png
3227	/Users/spectrumism/Projects/zxpress-screenshots/screenshots/issues/on-line/on-line__ONLINE37_2.png
3228	/Users/spectrumism/Projects/zxpress-screenshots/screenshots/issues/on-line/on-line__ONLINE38_1.png
3229	/Users/spectrumism/Projects/zxpress-screenshots/screenshots/issues/on-line/on-line__ONLINE38_2.png
3230	/Users/spectrumism/Projects/zxpress-screenshots/screenshots/issues/on-line/on-line__ONLINE39_1.png
3231	/Users/spectrumism/Projects/zxpress-screenshots/screenshots/issues/on-line/on-line__ONLINE39_2.png
3232	/Users/spectrumism/Projects/zxpress-screenshots/screenshots/issues/on-line/on-line__ONLINE40_1.png
3233	/Users/spectrumism/Projects/zxpress-screenshots/screenshots/issues/on-line/on-line__ONLINE40_2.png
3234	/Users/spectrumism/Projects/zxpress-screenshots/screenshots/issues/on-line/on-line__ONLINE41_1.png
3235	/Users/spectrumism/Projects/zxpress-screenshots/screenshots/issues/on-line/on-line__ONLINE41_2.png
3236	/Users/spectrumism/Projects/zxpress-screenshots/screenshots/issues/on-line/on-line__ONLINE42_1.png
3237	/Users/spectrumism/Projects/zxpress-screenshots/screenshots/issues/on-line/on-line__ONLINE42_2.png
3238	/Users/spectrumism/Projects/zxpress-screenshots/screenshots/issues/on-line/on-line__ONLINE43_1.png
3239	/Users/spectrumism/Projects/zxpress-screenshots/screenshots/issues/on-line/on-line__ONLINE43_2.png
3240	/Users/spectrumism/Projects/zxpress-screenshots/screenshots/issues/on-line/on-line__ONLINE44_1.png
3241	/Users/spectrumism/Projects/zxpress-screenshots/screenshots/issues/on-line/on-line__ONLINE44_2.png
3242	/Users/spectrumism/Projects/zxpress-screenshots/screenshots/issues/on-line/on-line__ONLINE45_1.png
3243	/Users/spectrumism/Projects/zxpress-screenshots/screenshots/issues/on-line/on-line__ONLINE45_2.png
3244	/Users/spectrumism/Projects/zxpress-screenshots/screenshots/issues/on-line/on-line__ONLINE46_1.png
3245	/Users/spectrumism/Projects/zxpress-screenshots/screenshots/issues/on-line/on-line__ONLINE46_2.png
3246	/Users/spectrumism/Projects/zxpress-screenshots/screenshots/issues/on-line/on-line__ONLINE47_1.png
3247	/Users/spectrumism/Projects/zxpress-screenshots/screenshots/issues/on-line/on-line__ONLINE47_2.png
3248	/Users/spectrumism/Projects/zxpress-screenshots/screenshots/issues/on-line/on-line__ONLINE48_1.png
3249	/Users/spectrumism/Projects/zxpress-screenshots/screenshots/issues/on-line/on-line__ONLINE48_2.png
3250	/Users/spectrumism/Projects/zxpress-screenshots/screenshots/issues/on-line/on-line__ONLINE49_1.png
3251	/Users/spectrumism/Projects/zxpress-screenshots/screenshots/issues/on-line/on-line__ONLINE49_2.png
3252	/Users/spectrumism/Projects/zxpress-screenshots/screenshots/issues/on-line/on-line__ONLINE50_1.png
3253	/Users/spectrumism/Projects/zxpress-screenshots/screenshots/issues/on-line/on-line__ONLINE50_2.png
3254	/Users/spectrumism/Projects/zxpress-screenshots/screenshots/issues/on-line/on-line__ONLINE51_1.png
3255	/Users/spectrumism/Projects/zxpress-screenshots/screenshots/issues/on-line/on-line__ONLINE51_2.png
3256	/Users/spectrumism/Projects/zxpress-screenshots/screenshots/issues/on-line/on-line__ONLINE52_1.png
3257	/Users/spectrumism/Projects/zxpress-screenshots/screenshots/issues/on-line/on-line__ONLINE52_2.png
3258	/Users/spectrumism/Projects/zxpress-screenshots/screenshots/issues/on-line/on-line__ONLINE53_1.png
3259	/Users/spectrumism/Projects/zxpress-screenshots/screenshots/issues/on-line/on-line__ONLINE53_2.png
3260	/Users/spectrumism/Projects/zxpress-screenshots/screenshots/issues/on-line/on-line__ONLINE54_1.png
3261	/Users/spectrumism/Projects/zxpress-screenshots/screenshots/issues/on-line/on-line__ONLINE54_2.png
3262	/Users/spectrumism/Projects/zxpress-screenshots/screenshots/issues/on-line/on-line__ONLINE55_1.png
3263	/Users/spectrumism/Projects/zxpress-screenshots/screenshots/issues/on-line/on-line__ONLINE55_2.png
3264	/Users/spectrumism/Projects/zxpress-screenshots/screenshots/issues/on-line/on-line__ONLINE56_1.png
3265	/Users/spectrumism/Projects/zxpress-screenshots/screenshots/issues/on-line/on-line__ONLINE56_2.png
3266	/Users/spectrumism/Projects/zxpress-screenshots/screenshots/issues/on-line/on-line__ONLINE57_1.png
3267	/Users/spectrumism/Projects/zxpress-screenshots/screenshots/issues/on-line/on-line__ONLINE57_2.png
3268	/Users/spectrumism/Projects/zxpress-screenshots/screenshots/issues/on-line/on-line__ONLINE59_1.png
3269	/Users/spectrumism/Projects/zxpress-screenshots/screenshots/issues/on-line/on-line__ONLINE59_2.png
3270	/Users/spectrumism/Projects/zxpress-screenshots/screenshots/issues/on-line/on-line__ONLINE60_1.png
3271	/Users/spectrumism/Projects/zxpress-screenshots/screenshots/issues/on-line/on-line__ONLINE60_2.png
3272	/Users/spectrumism/Projects/zxpress-screenshots/screenshots/issues/on-line/on-line__ONLINE62_1.png
3273	/Users/spectrumism/Projects/zxpress-screenshots/screenshots/issues/on-line/on-line__ONLINE62_2.png
3274	/Users/spectrumism/Projects/zxpress-screenshots/screenshots/issues/on-line/on-line__ONLINE63_1.png
3275	/Users/spectrumism/Projects/zxpress-screenshots/screenshots/issues/on-line/on-line__ONLINE63_2.png
3276	/Users/spectrumism/Projects/zxpress-screenshots/screenshots/issues/on-line/on-line__ONLINE64_1.png
3277	/Users/spectrumism/Projects/zxpress-screenshots/screenshots/issues/on-line/on-line__ONLINE64_2.png
3278	/Users/spectrumism/Projects/zxpress-screenshots/screenshots/issues/on-line/on-line__ONLINE65_1.png
3279	/Users/spectrumism/Projects/zxpress-screenshots/screenshots/issues/on-line/on-line__ONLINE65_2.png
3280	/Users/spectrumism/Projects/zxpress-screenshots/screenshots/issues/on-line/on-line__ONLINE66_1.png
3281	/Users/spectrumism/Projects/zxpress-screenshots/screenshots/issues/on-line/on-line__ONLINE66_2.png
3282	/Users/spectrumism/Projects/zxpress-screenshots/screenshots/issues/on-line/on-line__ONLINE67_1.png
3283	/Users/spectrumism/Projects/zxpress-screenshots/screenshots/issues/on-line/on-line__ONLINE67_2.png
3284	/Users/spectrumism/Projects/zxpress-screenshots/screenshots/issues/on-line/on-line__ONLINE68_1.png
3285	/Users/spectrumism/Projects/zxpress-screenshots/screenshots/issues/on-line/on-line__ONLINE68_2.png
3286	/Users/spectrumism/Projects/zxpress-screenshots/screenshots/issues/on-line/on-line__ONLINE69_1.png
3287	/Users/spectrumism/Projects/zxpress-screenshots/screenshots/issues/on-line/on-line__ONLINE69_2.png
3288	/Users/spectrumism/Projects/zxpress-screenshots/screenshots/issues/on-line/on-line__ONLINE70_1.png
3289	/Users/spectrumism/Projects/zxpress-screenshots/screenshots/issues/on-line/on-line__ONLINE70_2.png
3290	/Users/spectrumism/Projects/zxpress-screenshots/screenshots/issues/on-line/on-line__ONLINE71_1.png
3291	/Users/spectrumism/Projects/zxpress-screenshots/screenshots/issues/on-line/on-line__ONLINE71_2.png
3292	/Users/spectrumism/Projects/zxpress-screenshots/screenshots/issues/on-line/on-line__ONLINE72_1.png
3293	/Users/spectrumism/Projects/zxpress-screenshots/screenshots/issues/on-line/on-line__ONLINE72_2.png
3294	/Users/spectrumism/Projects/zxpress-screenshots/screenshots/issues/on-line/on-line__ONLINE73_1.png
3295	/Users/spectrumism/Projects/zxpress-screenshots/screenshots/issues/on-line/on-line__ONLINE73_2.png
3296	/Users/spectrumism/Projects/zxpress-screenshots/screenshots/issues/on-line/on-line__ONLINE74_1.png
3297	/Users/spectrumism/Projects/zxpress-screenshots/screenshots/issues/on-line/on-line__ONLINE74_2.png
3298	/Users/spectrumism/Projects/zxpress-screenshots/screenshots/issues/on-line/on-line__ONLINE75_1.png
3299	/Users/spectrumism/Projects/zxpress-screenshots/screenshots/issues/on-line/on-line__ONLINE75_2.png
3300	/Users/spectrumism/Projects/zxpress-screenshots/screenshots/issues/on-line/on-line__ONLINE76_1.png
3301	/Users/spectrumism/Projects/zxpress-screenshots/screenshots/issues/on-line/on-line__ONLINE76_2.png
3302	/Users/spectrumism/Projects/zxpress-screenshots/screenshots/issues/on-line/on-line__ONLINE77_1.png
3303	/Users/spectrumism/Projects/zxpress-screenshots/screenshots/issues/on-line/on-line__ONLINE77_2.png
3304	/Users/spectrumism/Projects/zxpress-screenshots/screenshots/issues/on-line/on-line__ONLINE78_1.png
3305	/Users/spectrumism/Projects/zxpress-screenshots/screenshots/issues/on-line/on-line__ONLINE78_2.png
3306	/Users/spectrumism/Projects/zxpress-screenshots/screenshots/issues/on-line/on-line__ONLINE79_1.png
3307	/Users/spectrumism/Projects/zxpress-screenshots/screenshots/issues/on-line/on-line__ONLINE79_2.png
3308	/Users/spectrumism/Projects/zxpress-screenshots/screenshots/issues/on-line/on-line__ONLINE80_1.png
3309	/Users/spectrumism/Projects/zxpress-screenshots/screenshots/issues/on-line/on-line__ONLINE80_2.png
3310	/Users/spectrumism/Projects/zxpress-screenshots/screenshots/issues/on-line/on-line__ONLINE81_1.png
3311	/Users/spectrumism/Projects/zxpress-screenshots/screenshots/issues/on-line/on-line__ONLINE81_2.png
3312	/Users/spectrumism/Projects/zxpress-screenshots/screenshots/issues/on-line/on-line__ONLINE82_1.png
3313	/Users/spectrumism/Projects/zxpress-screenshots/screenshots/issues/on-line/on-line__ONLINE82_2.png
3314	/Users/spectrumism/Projects/zxpress-screenshots/screenshots/issues/on-line/on-line__ONLINE83_1.png
3315	/Users/spectrumism/Projects/zxpress-screenshots/screenshots/issues/on-line/on-line__ONLINE83_2.png
3316	/Users/spectrumism/Projects/zxpress-screenshots/screenshots/issues/on-line/on-line__ONLINE84_1.png
3317	/Users/spectrumism/Projects/zxpress-screenshots/screenshots/issues/on-line/on-line__ONLINE84_2.png
3318	/Users/spectrumism/Projects/zxpress-screenshots/screenshots/issues/orion/orion__ORION02_2.png
3319	/Users/spectrumism/Projects/zxpress-screenshots/screenshots/issues/orion/orion__ORION03_1.png
3320	/Users/spectrumism/Projects/zxpress-screenshots/screenshots/issues/orion/orion__ORION03_3.png
3321	/Users/spectrumism/Projects/zxpress-screenshots/screenshots/issues/proton/proton__PROTON07_1.png
3322	/Users/spectrumism/Projects/zxpress-screenshots/screenshots/issues/proton/proton__PROTON08_1.png
3323	/Users/spectrumism/Projects/zxpress-screenshots/screenshots/issues/proton/proton__PROTON09_1.png
3324	/Users/spectrumism/Projects/zxpress-screenshots/screenshots/issues/proton/proton__PROTON10_1.png
3325	/Users/spectrumism/Projects/zxpress-screenshots/screenshots/issues/proton/proton__PROTON12_1.png
3326	/Users/spectrumism/Projects/zxpress-screenshots/screenshots/issues/proton/proton__PROTON13_2.png
3327	/Users/spectrumism/Projects/zxpress-screenshots/screenshots/issues/proton/proton__PROTON13_3.png
3328	/Users/spectrumism/Projects/zxpress-screenshots/screenshots/issues/proton/proton__PROTON14_1.png
3329	/Users/spectrumism/Projects/zxpress-screenshots/screenshots/issues/proton/proton__PROTON15_1.png
3330	/Users/spectrumism/Projects/zxpress-screenshots/screenshots/issues/proton/proton__PROTON16_1.png
3331	/Users/spectrumism/Projects/zxpress-screenshots/screenshots/issues/proton/proton__PROTON17_1.png
3332	/Users/spectrumism/Projects/zxpress-screenshots/screenshots/issues/proton/proton__PROTON19_1.png
3333	/Users/spectrumism/Projects/zxpress-screenshots/screenshots/issues/proton/proton__PROTON21_1.png
3334	/Users/spectrumism/Projects/zxpress-screenshots/screenshots/issues/proton/proton__PROTON22_1.png
3335	/Users/spectrumism/Projects/zxpress-screenshots/screenshots/issues/proton/proton__PROTON23_1.png
3336	/Users/spectrumism/Projects/zxpress-screenshots/screenshots/issues/proton/proton__PROTON24_1.png
3337	/Users/spectrumism/Projects/zxpress-screenshots/screenshots/issues/proton/proton__PROTON26_1.png
3338	/Users/spectrumism/Projects/zxpress-screenshots/screenshots/issues/proton/proton__PROTON27_2.png
3339	/Users/spectrumism/Projects/zxpress-screenshots/screenshots/issues/proton/proton__PROTON28_1.png
3340	/Users/spectrumism/Projects/zxpress-screenshots/screenshots/issues/proton/proton__PROTON30_1.png
3341	/Users/spectrumism/Projects/zxpress-screenshots/screenshots/issues/proton/proton__PROTON32_1.png
3342	/Users/spectrumism/Projects/zxpress-screenshots/screenshots/issues/proton/proton__PROTON33_1.png
3343	/Users/spectrumism/Projects/zxpress-screenshots/screenshots/issues/proton/proton__PROTON34_1.png
3344	/Users/spectrumism/Projects/zxpress-screenshots/screenshots/issues/proton/proton__PROTON35_1.png
3345	/Users/spectrumism/Projects/zxpress-screenshots/screenshots/issues/proton/proton__PROTON36_1.png
3346	/Users/spectrumism/Projects/zxpress-screenshots/screenshots/issues/proton/proton__PROTON37_1.png
3347	/Users/spectrumism/Projects/zxpress-screenshots/screenshots/issues/proton/proton__PROTON38_2.png
3348	/Users/spectrumism/Projects/zxpress-screenshots/screenshots/issues/proton/proton__PROTON39_2.png
3349	/Users/spectrumism/Projects/zxpress-screenshots/screenshots/issues/proton/proton__PROTON40_2.png
3350	/Users/spectrumism/Projects/zxpress-screenshots/screenshots/issues/proton/proton__PROTON41_1.png
3351	/Users/spectrumism/Projects/zxpress-screenshots/screenshots/issues/proton/proton__PROTON42_1.png
3352	/Users/spectrumism/Projects/zxpress-screenshots/screenshots/issues/proton/proton__PROTON43_1.png
3353	/Users/spectrumism/Projects/zxpress-screenshots/screenshots/issues/proton/proton__PROTON44_2.png
3354	/Users/spectrumism/Projects/zxpress-screenshots/screenshots/issues/proton/proton__PROTON45_2.png
3355	/Users/spectrumism/Projects/zxpress-screenshots/screenshots/issues/proton/proton__PROTON46_1.png
3356	/Users/spectrumism/Projects/zxpress-screenshots/screenshots/issues/psychoz/psychoz__PSY_17_2.png
3357	/Users/spectrumism/Projects/zxpress-screenshots/screenshots/issues/revival/revival__REVIVAL2_1.png
3358	/Users/spectrumism/Projects/zxpress-screenshots/screenshots/issues/revival/revival__REVIVAL2_2.png
3359	/Users/spectrumism/Projects/zxpress-screenshots/screenshots/issues/revival/revival__REVIVAL3_1.png
3360	/Users/spectrumism/Projects/zxpress-screenshots/screenshots/issues/revival/revival__REVIVAL3_2.png
3361	/Users/spectrumism/Projects/zxpress-screenshots/screenshots/issues/rip/rip__RIP01_1.png
3362	/Users/spectrumism/Projects/zxpress-screenshots/screenshots/issues/rip/rip__RIP02_1.png
3363	/Users/spectrumism/Projects/zxpress-screenshots/screenshots/issues/rip/rip__RIP03_1.png
3364	/Users/spectrumism/Projects/zxpress-screenshots/screenshots/issues/rip/rip__RIP05_1.png
3365	/Users/spectrumism/Projects/zxpress-screenshots/screenshots/issues/rip/rip__RIP07_1.png
3366	/Users/spectrumism/Projects/zxpress-screenshots/screenshots/issues/rip/rip__RIP08_2.png
3367	/Users/spectrumism/Projects/zxpress-screenshots/screenshots/issues/rip/rip__RIP09_1.png
3368	/Users/spectrumism/Projects/zxpress-screenshots/screenshots/issues/rip/rip__RIP09_2.png
3369	/Users/spectrumism/Projects/zxpress-screenshots/screenshots/issues/rip/rip__RIP09_3.png
3370	/Users/spectrumism/Projects/zxpress-screenshots/screenshots/issues/scroller/scroller__SCROLL2_1.png
3371	/Users/spectrumism/Projects/zxpress-screenshots/screenshots/issues/sinclair news/sinclair_news__S_NEWS2_1.png
3372	/Users/spectrumism/Projects/zxpress-screenshots/screenshots/issues/sinclair news/sinclair_news__S_NEWS2_2.png
3373	/Users/spectrumism/Projects/zxpress-screenshots/screenshots/issues/sinclair news/sinclair_news__S_NEWS3_1.png
3374	/Users/spectrumism/Projects/zxpress-screenshots/screenshots/issues/sinclair news/sinclair_news__S_NEWS3_2.png
3375	/Users/spectrumism/Projects/zxpress-screenshots/screenshots/issues/sky net/sky_net__SKY_2_1.png
3376	/Users/spectrumism/Projects/zxpress-screenshots/screenshots/issues/sky net/sky_net__SKY_3_1.png
3377	/Users/spectrumism/Projects/zxpress-screenshots/screenshots/issues/spb zx week/spb_zx_week__zxweek1_1.png
3378	/Users/spectrumism/Projects/zxpress-screenshots/screenshots/issues/spb zx week/spb_zx_week__zxweek1_3.png
3379	/Users/spectrumism/Projects/zxpress-screenshots/screenshots/issues/spite/spite__SPITE_02_2.png
3380	/Users/spectrumism/Projects/zxpress-screenshots/screenshots/issues/spite/spite__SPITE_03_2.png
3381	/Users/spectrumism/Projects/zxpress-screenshots/screenshots/issues/subliminal extacy/subliminal_extacy__SE00_2.png
3382	/Users/spectrumism/Projects/zxpress-screenshots/screenshots/issues/subliminal extacy/subliminal_extacy__SE01MAF_2.png
3383	/Users/spectrumism/Projects/zxpress-screenshots/screenshots/issues/tagan news/tagan_news__TAGN07_1.png
3384	/Users/spectrumism/Projects/zxpress-screenshots/screenshots/issues/tagan news/tagan_news__TAGN08_1.png
3385	/Users/spectrumism/Projects/zxpress-screenshots/screenshots/issues/target/target__TARGET_B_1.png
3386	/Users/spectrumism/Projects/zxpress-screenshots/screenshots/issues/target/target__TARGET_B_2.png
3387	/Users/spectrumism/Projects/zxpress-screenshots/screenshots/issues/teleshow/teleshow__TELESHO3_1.png
3388	/Users/spectrumism/Projects/zxpress-screenshots/screenshots/issues/teleshow/teleshow__TELESHO4_1.png
3389	/Users/spectrumism/Projects/zxpress-screenshots/screenshots/issues/teleshow/teleshow__TELESHO4_3.png
3390	/Users/spectrumism/Projects/zxpress-screenshots/screenshots/issues/teleshow/teleshow__TELESHO5_1.png
3391	/Users/spectrumism/Projects/zxpress-screenshots/screenshots/issues/teleshow/teleshow__TELESHO5_2.png
3392	/Users/spectrumism/Projects/zxpress-screenshots/screenshots/issues/terminal/terminal__TERMNL03_1.png
3393	/Users/spectrumism/Projects/zxpress-screenshots/screenshots/issues/terminal/terminal__TERMNL03_2.png
3394	/Users/spectrumism/Projects/zxpress-screenshots/screenshots/issues/think/think__THINK02_1.png
3395	/Users/spectrumism/Projects/zxpress-screenshots/screenshots/issues/think/think__THINK03_1.png
3396	/Users/spectrumism/Projects/zxpress-screenshots/screenshots/issues/think/think__THINK04_1.png
3397	/Users/spectrumism/Projects/zxpress-screenshots/screenshots/issues/think/think__THINK05_1.png
3398	/Users/spectrumism/Projects/zxpress-screenshots/screenshots/issues/think/think__THINK06_1.png
3399	/Users/spectrumism/Projects/zxpress-screenshots/screenshots/issues/think/think__THINK07_1.png
3400	/Users/spectrumism/Projects/zxpress-screenshots/screenshots/issues/think/think__THINK08_1.png
3401	/Users/spectrumism/Projects/zxpress-screenshots/screenshots/issues/think/think__THINK09_1.png
3402	/Users/spectrumism/Projects/zxpress-screenshots/screenshots/issues/think/think__THINK10_1.png
3403	/Users/spectrumism/Projects/zxpress-screenshots/screenshots/issues/think/think__THINK11_1.png
3404	/Users/spectrumism/Projects/zxpress-screenshots/screenshots/issues/think/think__THINK12_1.png
3405	/Users/spectrumism/Projects/zxpress-screenshots/screenshots/issues/think/think__THINK13_1.png
3406	/Users/spectrumism/Projects/zxpress-screenshots/screenshots/issues/think/think__THINK13_2.png
3407	/Users/spectrumism/Projects/zxpress-screenshots/screenshots/issues/think/think__THINK14_1.png
3408	/Users/spectrumism/Projects/zxpress-screenshots/screenshots/issues/think/think__THINK15_1.png
3409	/Users/spectrumism/Projects/zxpress-screenshots/screenshots/issues/think/think__THINK16_1.png
3410	/Users/spectrumism/Projects/zxpress-screenshots/screenshots/issues/think/think__THINK17_1.png
3411	/Users/spectrumism/Projects/zxpress-screenshots/screenshots/issues/think/think__THINK18_1.png
3412	/Users/spectrumism/Projects/zxpress-screenshots/screenshots/issues/think/think__THINK19_1.png
3413	/Users/spectrumism/Projects/zxpress-screenshots/screenshots/issues/think/think__THINK20_1.png
3414	/Users/spectrumism/Projects/zxpress-screenshots/screenshots/issues/think/think__THINK21_1.png
3415	/Users/spectrumism/Projects/zxpress-screenshots/screenshots/issues/think/think__THINK22_1.png
3416	/Users/spectrumism/Projects/zxpress-screenshots/screenshots/issues/think/think__THINK23_1.png
3417	/Users/spectrumism/Projects/zxpress-screenshots/screenshots/issues/think/think__THINK24_1.png
3418	/Users/spectrumism/Projects/zxpress-screenshots/screenshots/issues/think/think__THINK25_1.png
3419	/Users/spectrumism/Projects/zxpress-screenshots/screenshots/issues/think/think__THINK26_1.png
3420	/Users/spectrumism/Projects/zxpress-screenshots/screenshots/issues/think/think__THINK26_2.png
3421	/Users/spectrumism/Projects/zxpress-screenshots/screenshots/issues/think/think__THINK27_1.png
3422	/Users/spectrumism/Projects/zxpress-screenshots/screenshots/issues/think/think__THINK28_1.png
3423	/Users/spectrumism/Projects/zxpress-screenshots/screenshots/issues/think/think__THINK29_1.png
3424	/Users/spectrumism/Projects/zxpress-screenshots/screenshots/issues/think/think__THINK295_1.png
3425	/Users/spectrumism/Projects/zxpress-screenshots/screenshots/issues/think/think__THINK30_1.png
3426	/Users/spectrumism/Projects/zxpress-screenshots/screenshots/issues/think/think__THINK31_1.png
3427	/Users/spectrumism/Projects/zxpress-screenshots/screenshots/issues/think/think__THINK32_1.png
3428	/Users/spectrumism/Projects/zxpress-screenshots/screenshots/issues/think/think__THINK33_1.png
3429	/Users/spectrumism/Projects/zxpress-screenshots/screenshots/issues/think/think__THINK34_1.png
3430	/Users/spectrumism/Projects/zxpress-screenshots/screenshots/issues/think/think__THINK35_1.png
3431	/Users/spectrumism/Projects/zxpress-screenshots/screenshots/issues/think/think__THINK36_1.png
3432	/Users/spectrumism/Projects/zxpress-screenshots/screenshots/issues/think/think__THINK37_1.png
3433	/Users/spectrumism/Projects/zxpress-screenshots/screenshots/issues/think/think__THINK38_1.png
3434	/Users/spectrumism/Projects/zxpress-screenshots/screenshots/issues/think/think__THINK39_1.png
3435	/Users/spectrumism/Projects/zxpress-screenshots/screenshots/issues/think/think__THINK40_1.png
3436	/Users/spectrumism/Projects/zxpress-screenshots/screenshots/issues/think/think__THINK41_1.png
3437	/Users/spectrumism/Projects/zxpress-screenshots/screenshots/issues/think/think__THINK42_1.png
3438	/Users/spectrumism/Projects/zxpress-screenshots/screenshots/issues/think/think__THINK43_1.png
3439	/Users/spectrumism/Projects/zxpress-screenshots/screenshots/issues/think/think__THINK44_1.png
3440	/Users/spectrumism/Projects/zxpress-screenshots/screenshots/issues/think/think__THINK45_1.png
3441	/Users/spectrumism/Projects/zxpress-screenshots/screenshots/issues/think/think__THINK46_2.png
3442	/Users/spectrumism/Projects/zxpress-screenshots/screenshots/issues/think/think__THINK47_1.png
3443	/Users/spectrumism/Projects/zxpress-screenshots/screenshots/issues/time/time__TIME05_1.png
3444	/Users/spectrumism/Projects/zxpress-screenshots/screenshots/issues/time/time__TIME05_2.png
3445	/Users/spectrumism/Projects/zxpress-screenshots/screenshots/issues/time/time__TIME06_1.png
3446	/Users/spectrumism/Projects/zxpress-screenshots/screenshots/issues/time/time__TIME06_2.png
3447	/Users/spectrumism/Projects/zxpress-screenshots/screenshots/issues/time/time__TIME07_1.png
3448	/Users/spectrumism/Projects/zxpress-screenshots/screenshots/issues/time/time__TIME07_2.png
3449	/Users/spectrumism/Projects/zxpress-screenshots/screenshots/issues/time/time__TIME13_1.png
3450	/Users/spectrumism/Projects/zxpress-screenshots/screenshots/issues/time/time__TIME13_2.png
3451	/Users/spectrumism/Projects/zxpress-screenshots/screenshots/issues/time/time__TIME15_1.png
3452	/Users/spectrumism/Projects/zxpress-screenshots/screenshots/issues/time/time__TIME15_2.png
3453	/Users/spectrumism/Projects/zxpress-screenshots/screenshots/issues/time/time__TIME16_1.png
3454	/Users/spectrumism/Projects/zxpress-screenshots/screenshots/issues/time/time__TIME16_2.png
3455	/Users/spectrumism/Projects/zxpress-screenshots/screenshots/issues/time/time__TIME20_1.png
3456	/Users/spectrumism/Projects/zxpress-screenshots/screenshots/issues/time/time__TIME20_2.png
3457	/Users/spectrumism/Projects/zxpress-screenshots/screenshots/issues/time/time__TIME24_1.png
3458	/Users/spectrumism/Projects/zxpress-screenshots/screenshots/issues/time/time__TIME24_2.png
3459	/Users/spectrumism/Projects/zxpress-screenshots/screenshots/issues/times/times__TIMES02_1.png
3460	/Users/spectrumism/Projects/zxpress-screenshots/screenshots/issues/times/times__TIMES03_1.png
3461	/Users/spectrumism/Projects/zxpress-screenshots/screenshots/issues/times/times__TIMES05_1.png
3462	/Users/spectrumism/Projects/zxpress-screenshots/screenshots/issues/tusovka/tusovka__TUSOVKA2_1.png
3463	/Users/spectrumism/Projects/zxpress-screenshots/screenshots/issues/tusovka/tusovka__TUSOVKA3_2.png
3464	/Users/spectrumism/Projects/zxpress-screenshots/screenshots/issues/tusovka/tusovka__TUSOVKA4_2.png
3465	/Users/spectrumism/Projects/zxpress-screenshots/screenshots/issues/tusovka/tusovka__TUSOVKA5_1.png
3466	/Users/spectrumism/Projects/zxpress-screenshots/screenshots/issues/tusovka/tusovka__TUSOVKA5_2.png
3467	/Users/spectrumism/Projects/zxpress-screenshots/screenshots/issues/tusovka/tusovka__TUS_1010_1.png
3468	/Users/spectrumism/Projects/zxpress-screenshots/screenshots/issues/tusovka/tusovka__TUS_1010_2.png
3469	/Users/spectrumism/Projects/zxpress-screenshots/screenshots/issues/tusovka/tusovka__TUS_1710_1.png
3470	/Users/spectrumism/Projects/zxpress-screenshots/screenshots/issues/ufo/ufo__UFO_2_1.png
3471	/Users/spectrumism/Projects/zxpress-screenshots/screenshots/issues/ufo/ufo__UFO_3_1.png
3472	/Users/spectrumism/Projects/zxpress-screenshots/screenshots/issues/virtual world/virtual_world__WORLD02_1.png
3473	/Users/spectrumism/Projects/zxpress-screenshots/screenshots/issues/virtual world/virtual_world__WORLD02_2.png
3474	/Users/spectrumism/Projects/zxpress-screenshots/screenshots/issues/virtual world/virtual_world__WORLD02_3.png
3475	/Users/spectrumism/Projects/zxpress-screenshots/screenshots/issues/virtual world/virtual_world__WORLD03_2.png
3476	/Users/spectrumism/Projects/zxpress-screenshots/screenshots/issues/virtual world/virtual_world__WORLD03_3.png
3477	/Users/spectrumism/Projects/zxpress-screenshots/screenshots/issues/virtual world/virtual_world__WORLD04_1.png
3478	/Users/spectrumism/Projects/zxpress-screenshots/screenshots/issues/virtual world/virtual_world__WORLD05_1.png
3479	/Users/spectrumism/Projects/zxpress-screenshots/screenshots/issues/virtual world/virtual_world__WORLD06_1.png
3480	/Users/spectrumism/Projects/zxpress-screenshots/screenshots/issues/virtual world/virtual_world__WORLD07_1.png
3481	/Users/spectrumism/Projects/zxpress-screenshots/screenshots/issues/virtual world/virtual_world__WORLD08_1.png
3482	/Users/spectrumism/Projects/zxpress-screenshots/screenshots/issues/virtual world/virtual_world__WORLD09_1.png
3483	/Users/spectrumism/Projects/zxpress-screenshots/screenshots/issues/virtual world/virtual_world__WORLD10_1.png
3484	/Users/spectrumism/Projects/zxpress-screenshots/screenshots/issues/virtual world/virtual_world__WORLD11_1.png
3485	/Users/spectrumism/Projects/zxpress-screenshots/screenshots/issues/virtual world/virtual_world__WORLD12_1.png
3486	/Users/spectrumism/Projects/zxpress-screenshots/screenshots/issues/virtual world/virtual_world__WORLD14_1.png
3487	/Users/spectrumism/Projects/zxpress-screenshots/screenshots/issues/wallpaper/wallpaper__WP02_1.png
3488	/Users/spectrumism/Projects/zxpress-screenshots/screenshots/issues/wallpaper/wallpaper__WP03_1.png
3489	/Users/spectrumism/Projects/zxpress-screenshots/screenshots/issues/weekend/weekend__WEEKEND3_1.png
3490	/Users/spectrumism/Projects/zxpress-screenshots/screenshots/issues/zx city/zx_city__ZXCITY09_2.png
3491	/Users/spectrumism/Projects/zxpress-screenshots/screenshots/issues/zx city/zx_city__ZXCITY09_3.png
3492	/Users/spectrumism/Projects/zxpress-screenshots/screenshots/issues/zx club/zx_club__ZXCLUB03_2.png
3493	/Users/spectrumism/Projects/zxpress-screenshots/screenshots/issues/zx ferrum/zx_ferrum__ZXFER02_2.png
3494	/Users/spectrumism/Projects/zxpress-screenshots/screenshots/issues/zx hard/zx_hard__ZXHARD00_1.png
3495	/Users/spectrumism/Projects/zxpress-screenshots/screenshots/issues/zx hard/zx_hard__ZXHARD00_3.png
3496	/Users/spectrumism/Projects/zxpress-screenshots/screenshots/issues/zx jump/zx_jump__ZXJUMP03_1.png
3497	/Users/spectrumism/Projects/zxpress-screenshots/screenshots/issues/zx jump/zx_jump__ZXJUMP04_2.png
3498	/Users/spectrumism/Projects/zxpress-screenshots/screenshots/issues/zx light/zx_light__ZX-LIG02_1.png
3499	/Users/spectrumism/Projects/zxpress-screenshots/screenshots/issues/zx light/zx_light__ZX-LIG03_1.png
3500	/Users/spectrumism/Projects/zxpress-screenshots/screenshots/issues/zx light/zx_light__ZX-LIG06_2.png
3501	/Users/spectrumism/Projects/zxpress-screenshots/screenshots/issues/zx light/zx_light__ZX-LIG07_2.png
3502	/Users/spectrumism/Projects/zxpress-screenshots/screenshots/issues/zx light/zx_light__ZX-LIG08_2.png
3503	/Users/spectrumism/Projects/zxpress-screenshots/screenshots/issues/zx live/zx_live__ZXLIVE3_1.png
3504	/Users/spectrumism/Projects/zxpress-screenshots/screenshots/issues/zx magazine/zx_magazine__ZX-MAG2_1.png
3505	/Users/spectrumism/Projects/zxpress-screenshots/screenshots/issues/zx park/zx_park__ZXPARK02_1.png
3506	/Users/spectrumism/Projects/zxpress-screenshots/screenshots/issues/zx park/zx_park__ZXPARK04_3.png
3507	/Users/spectrumism/Projects/zxpress-screenshots/screenshots/issues/zx park/zx_park__ZXPARK05_3.png
3508	/Users/spectrumism/Projects/zxpress-screenshots/screenshots/issues/zx park/zx_park__ZXPARK07_1.png
3509	/Users/spectrumism/Projects/zxpress-screenshots/screenshots/issues/zx park/zx_park__ZXPARK07_3.png
3510	/Users/spectrumism/Projects/zxpress-screenshots/screenshots/issues/zx park/zx_park__ZXPARK08_2.png
3511	/Users/spectrumism/Projects/zxpress-screenshots/screenshots/issues/zx park/zx_park__ZXPARK09_1.png
3512	/Users/spectrumism/Projects/zxpress-screenshots/screenshots/issues/zx park/zx_park__ZXPARK10_1.png
3513	/Users/spectrumism/Projects/zxpress-screenshots/screenshots/issues/zx park/zx_park__ZXPARK10_3.png
3514	/Users/spectrumism/Projects/zxpress-screenshots/screenshots/issues/zx park/zx_park__ZXPARK11_1.png
3515	/Users/spectrumism/Projects/zxpress-screenshots/screenshots/issues/zx park/zx_park__ZXPARK11_3.png
3516	/Users/spectrumism/Projects/zxpress-screenshots/screenshots/issues/zx park/zx_park__ZXPARK12_1.png
3517	/Users/spectrumism/Projects/zxpress-screenshots/screenshots/issues/zx park/zx_park__ZXPARK12_3.png
3518	/Users/spectrumism/Projects/zxpress-screenshots/screenshots/issues/zx park/zx_park__ZXPARK13_2.png
3519	/Users/spectrumism/Projects/zxpress-screenshots/screenshots/issues/zx park/zx_park__ZXPARK14_1.png
3520	/Users/spectrumism/Projects/zxpress-screenshots/screenshots/issues/zx park/zx_park__ZXPARK14_2.png
3521	/Users/spectrumism/Projects/zxpress-screenshots/screenshots/issues/zx park/zx_park__ZXPARK15_1.png
3522	/Users/spectrumism/Projects/zxpress-screenshots/screenshots/issues/zx park/zx_park__ZXPARK16_1.png
3523	/Users/spectrumism/Projects/zxpress-screenshots/screenshots/issues/zx park/zx_park__ZXPARKIN_1.png
3524	/Users/spectrumism/Projects/zxpress-screenshots/screenshots/issues/zx park/zx_park__ZXPARKIN_3.png
3525	/Users/spectrumism/Projects/zxpress-screenshots/screenshots/issues/zx pilot/zx_pilot__PILOT_02_1.png
3526	/Users/spectrumism/Projects/zxpress-screenshots/screenshots/issues/zx pilot/zx_pilot__PILOT_07_1.png
3527	/Users/spectrumism/Projects/zxpress-screenshots/screenshots/issues/zx pilot/zx_pilot__PILOT_08_2.png
3528	/Users/spectrumism/Projects/zxpress-screenshots/screenshots/issues/zx pilot/zx_pilot__PILOT_09_1.png
3529	/Users/spectrumism/Projects/zxpress-screenshots/screenshots/issues/zx pilot/zx_pilot__PILOT_09_3.png
3530	/Users/spectrumism/Projects/zxpress-screenshots/screenshots/issues/zx pilot/zx_pilot__PILOT_10_1.png
3531	/Users/spectrumism/Projects/zxpress-screenshots/screenshots/issues/zx pilot/zx_pilot__PILOT_12_1.png
3532	/Users/spectrumism/Projects/zxpress-screenshots/screenshots/issues/zx pilot/zx_pilot__PILOT_12_2.png
3533	/Users/spectrumism/Projects/zxpress-screenshots/screenshots/issues/zx pilot/zx_pilot__PILOT_13_1.png
3534	/Users/spectrumism/Projects/zxpress-screenshots/screenshots/issues/zx pilot/zx_pilot__PILOT_13_2.png
3535	/Users/spectrumism/Projects/zxpress-screenshots/screenshots/issues/zx pilot/zx_pilot__PILOT_15_1.png
3536	/Users/spectrumism/Projects/zxpress-screenshots/screenshots/issues/zx pilot/zx_pilot__PILOT_15_2.png
3537	/Users/spectrumism/Projects/zxpress-screenshots/screenshots/issues/zx pilot/zx_pilot__PILOT_16_1.png
3538	/Users/spectrumism/Projects/zxpress-screenshots/screenshots/issues/zx pilot/zx_pilot__PILOT_16_2.png
3539	/Users/spectrumism/Projects/zxpress-screenshots/screenshots/issues/zx pilot/zx_pilot__PILOT_16_3.png
3540	/Users/spectrumism/Projects/zxpress-screenshots/screenshots/issues/zx pilot/zx_pilot__PILOT_17_1.png
3541	/Users/spectrumism/Projects/zxpress-screenshots/screenshots/issues/zx pilot/zx_pilot__PILOT_17_2.png
3542	/Users/spectrumism/Projects/zxpress-screenshots/screenshots/issues/zx pilot/zx_pilot__PILOT_18_1.png
3543	/Users/spectrumism/Projects/zxpress-screenshots/screenshots/issues/zx pilot/zx_pilot__PILOT_18_2.png
3544	/Users/spectrumism/Projects/zxpress-screenshots/screenshots/issues/zx pilot/zx_pilot__PILOT_19_1.png
3545	/Users/spectrumism/Projects/zxpress-screenshots/screenshots/issues/zx pilot/zx_pilot__PILOT_19_2.png
3546	/Users/spectrumism/Projects/zxpress-screenshots/screenshots/issues/zx pilot/zx_pilot__PILOT_20_1.png
3547	/Users/spectrumism/Projects/zxpress-screenshots/screenshots/issues/zx pilot/zx_pilot__PILOT_21_1.png
3548	/Users/spectrumism/Projects/zxpress-screenshots/screenshots/issues/zx pilot/zx_pilot__PILOT_22_1.png
3549	/Users/spectrumism/Projects/zxpress-screenshots/screenshots/issues/zx pilot/zx_pilot__PILOT_22_2.png
3550	/Users/spectrumism/Projects/zxpress-screenshots/screenshots/issues/zx pilot/zx_pilot__PILOT_23_1.png
3551	/Users/spectrumism/Projects/zxpress-screenshots/screenshots/issues/zx pilot/zx_pilot__PILOT_24_1.png
3552	/Users/spectrumism/Projects/zxpress-screenshots/screenshots/issues/zx pilot/zx_pilot__PILOT_25_1.png
3553	/Users/spectrumism/Projects/zxpress-screenshots/screenshots/issues/zx pilot/zx_pilot__PILOT_26_1.png
3554	/Users/spectrumism/Projects/zxpress-screenshots/screenshots/issues/zx pilot/zx_pilot__PILOT_27_1.png
3555	/Users/spectrumism/Projects/zxpress-screenshots/screenshots/issues/zx pilot/zx_pilot__PILOT_28_1.png
3556	/Users/spectrumism/Projects/zxpress-screenshots/screenshots/issues/zx pilot/zx_pilot__PILOT_29_1.png
3557	/Users/spectrumism/Projects/zxpress-screenshots/screenshots/issues/zx pilot/zx_pilot__PILOT_31_1.png
3558	/Users/spectrumism/Projects/zxpress-screenshots/screenshots/issues/zx pilot/zx_pilot__PILOT_31_2.png
3559	/Users/spectrumism/Projects/zxpress-screenshots/screenshots/issues/zx pilot/zx_pilot__PILOT_40_1.png
3560	/Users/spectrumism/Projects/zxpress-screenshots/screenshots/issues/zx pilot/zx_pilot__PILOT_40_2.png
3561	/Users/spectrumism/Projects/zxpress-screenshots/screenshots/issues/zx pilot/zx_pilot__PILOT_41_1.png
3562	/Users/spectrumism/Projects/zxpress-screenshots/screenshots/issues/zx pilot/zx_pilot__PILOT_41_2.png
3563	/Users/spectrumism/Projects/zxpress-screenshots/screenshots/issues/zx pilot/zx_pilot__PILOT_41_3.png
3564	/Users/spectrumism/Projects/zxpress-screenshots/screenshots/issues/zx world/zx_world__ZXW_002_1.png
3565	/Users/spectrumism/Projects/zxpress-screenshots/screenshots/issues/zx world/zx_world__ZXW_002_2.png
3566	/Users/spectrumism/Projects/zxpress-screenshots/screenshots/issues/opex/opex__OREH3_1.png
3567	/Users/spectrumism/Projects/zxpress-screenshots/screenshots/issues/opex/opex__OREH3_2.png
3568	/Users/spectrumism/Projects/zxpress-screenshots/screenshots/issues/opex/opex__OREH4_1.png
3569	/Users/spectrumism/Projects/zxpress-screenshots/screenshots/issues/opex/opex__OREH5_1.png
3570	/Users/spectrumism/Projects/zxpress-screenshots/screenshots/issues/opex/opex__OREH5_3.png
3571	/Users/spectrumism/Projects/zxpress-screenshots/screenshots/issues/opex/opex__OREH7_1.png
3572	/Users/spectrumism/Projects/zxpress-screenshots/screenshots/issues/opex/opex__OREH7_3.png
3573	/Users/spectrumism/Projects/zxpress-screenshots/screenshots/issues/info guide/info_guide__INFERN10_1.png
3574	/Users/spectrumism/Projects/zxpress-screenshots/screenshots/issues/info guide/info_guide__INFERN10_2.png
3575	/Users/spectrumism/Projects/zxpress-screenshots/screenshots/issues/info guide/info_guide__INFERNO5_2.png
3576	/Users/spectrumism/Projects/zxpress-screenshots/screenshots/issues/info guide/info_guide__INFERNO5_3.png
3577	/Users/spectrumism/Projects/zxpress-screenshots/screenshots/issues/info guide/info_guide__INFERNO6_1.png
3578	/Users/spectrumism/Projects/zxpress-screenshots/screenshots/issues/info guide/info_guide__INFERNO6_2.png
3579	/Users/spectrumism/Projects/zxpress-screenshots/screenshots/issues/info guide/info_guide__INFERNO8_1.png
3580	/Users/spectrumism/Projects/zxpress-screenshots/screenshots/issues/info guide/info_guide__INFERNO9_1.png
3581	/Users/spectrumism/Projects/zxpress-screenshots/screenshots/issues/amiga news/amiga_news__AMNEWS00_1.png
3582	/Users/spectrumism/Projects/zxpress-screenshots/screenshots/issues/burn the lighter/burn_the_lighter__BTL08_1.png
3583	/Users/spectrumism/Projects/zxpress-screenshots/screenshots/issues/burn the lighter/burn_the_lighter__BTL09_1.png
3584	/Users/spectrumism/Projects/zxpress-screenshots/screenshots/issues/burn the lighter/burn_the_lighter__BTL10_1.png
3585	/Users/spectrumism/Projects/zxpress-screenshots/screenshots/issues/burn the lighter/burn_the_lighter__BTL11_1.png
3586	/Users/spectrumism/Projects/zxpress-screenshots/screenshots/issues/burn the lighter/burn_the_lighter__BTL12_1.png
3587	/Users/spectrumism/Projects/zxpress-screenshots/screenshots/issues/burn the lighter/burn_the_lighter__BTL13_1.png
3588	/Users/spectrumism/Projects/zxpress-screenshots/screenshots/issues/burn the lighter/burn_the_lighter__BTL14_20_281_29_1.png
3589	/Users/spectrumism/Projects/zxpress-screenshots/screenshots/issues/burn the lighter/burn_the_lighter__BTL_002B_1.png
3590	/Users/spectrumism/Projects/zxpress-screenshots/screenshots/issues/burn the lighter/burn_the_lighter__BTL_004_2.png
3591	/Users/spectrumism/Projects/zxpress-screenshots/screenshots/issues/crazy news/crazy_news__crn2_1.png
3592	/Users/spectrumism/Projects/zxpress-screenshots/screenshots/issues/crazy news/crazy_news__crn2_3.png
3593	/Users/spectrumism/Projects/zxpress-screenshots/screenshots/issues/crazy news/crazy_news__crn3_2.png
3594	/Users/spectrumism/Projects/zxpress-screenshots/screenshots/issues/crazy news/crazy_news__crn3_3.png
3595	/Users/spectrumism/Projects/zxpress-screenshots/screenshots/issues/crazy news/crazy_news__crn4_2.png
3596	/Users/spectrumism/Projects/zxpress-screenshots/screenshots/issues/crazy news/crazy_news__crn4_3.png
3597	/Users/spectrumism/Projects/zxpress-screenshots/screenshots/issues/crazy news/crazy_news__crn5_3.png
3598	/Users/spectrumism/Projects/zxpress-screenshots/screenshots/issues/x-magazine/x-magazine__XMAG14_2.png
3599	/Users/spectrumism/Projects/zxpress-screenshots/screenshots/issues/x-magazine/x-magazine__XMAG14_3.png
3600	/Users/spectrumism/Projects/zxpress-screenshots/screenshots/issues/x-magazine/x-magazine__XMAG16_2.png
3601	/Users/spectrumism/Projects/zxpress-screenshots/screenshots/issues/sinclair classic/sinclair_classic__SCLASS10_1.png
3602	/Users/spectrumism/Projects/zxpress-screenshots/screenshots/issues/scene+/scene__SCENE002_1.png
3603	/Users/spectrumism/Projects/zxpress-screenshots/screenshots/issues/scene+/scene__SCENE002_3.png
3604	/Users/spectrumism/Projects/zxpress-screenshots/screenshots/issues/enigma tape magazine/enigma_tape_magazine__ENIGMA2_1.png
3605	/Users/spectrumism/Projects/zxpress-screenshots/screenshots/issues/enigma tape magazine/enigma_tape_magazine__ENIGMA2_2.png
3606	/Users/spectrumism/Projects/zxpress-screenshots/screenshots/issues/enigma tape magazine/enigma_tape_magazine__ENIGMA5_2.png
3607	/Users/spectrumism/Projects/zxpress-screenshots/screenshots/issues/enigma tape magazine/enigma_tape_magazine__ENIGMA5_3.png
3608	/Users/spectrumism/Projects/zxpress-screenshots/screenshots/issues/enigma tape magazine/enigma_tape_magazine__ENIGMA7_1.png
3609	/Users/spectrumism/Projects/zxpress-screenshots/screenshots/issues/enigma tape magazine/enigma_tape_magazine__ENIGMA8_1.png
3610	/Users/spectrumism/Projects/zxpress-screenshots/screenshots/issues/fantasy/fantasy__FANTASY1_1.png
3611	/Users/spectrumism/Projects/zxpress-screenshots/screenshots/issues/fantasy/fantasy__FANTASY2_2.png
3612	/Users/spectrumism/Projects/zxpress-screenshots/screenshots/issues/gms news/gms_news__GMSNEWS1_20_281_29_1.png
3613	/Users/spectrumism/Projects/zxpress-screenshots/screenshots/issues/gms news/gms_news__GMSNEWS1_20_281_29_2.png
3614	/Users/spectrumism/Projects/zxpress-screenshots/screenshots/issues/gms news/gms_news__GMSNEWS2_20_281_29_1.png
3615	/Users/spectrumism/Projects/zxpress-screenshots/screenshots/issues/gms news/gms_news__GMSNEWS2_20_281_29_3.png
3616	/Users/spectrumism/Projects/zxpress-screenshots/screenshots/issues/gms news/gms_news__GMSNEWS3_20_281_29_2.png
3617	/Users/spectrumism/Projects/zxpress-screenshots/screenshots/issues/electra/electra__electra2_1.png
3618	/Users/spectrumism/Projects/zxpress-screenshots/screenshots/issues/matrix/matrix__MATRIX1_1.png
