press,issue,file,url,page
200,B,200B.ZIP,https://zxpress.ru/files/200B.ZIP,https://zxpress.ru/ru/ezines/200/b
200,D,200D.ZIP,https://zxpress.ru/files/200D.ZIP,https://zxpress.ru/ru/ezines/200/d
200,G,200G.ZIP,https://zxpress.ru/files/200G.ZIP,https://zxpress.ru/ru/ezines/200/g
200,W,200W.ZIP,https://zxpress.ru/files/200W.ZIP,https://zxpress.ru/ru/ezines/200/w
ACNews,49,ACN49.ZIP,https://zxpress.ru/files/ACN49.ZIP,https://zxpress.ru/ru/ezines/acnews/49
ACNews,50,ACN50.ZIP,https://zxpress.ru/files/ACN50.ZIP,https://zxpress.ru/ru/ezines/acnews/50
ACNews,51,ACN51.ZIP,https://zxpress.ru/files/ACN51.ZIP,https://zxpress.ru/ru/ezines/acnews/51
ACNews,52,ACN52.ZIP,https://zxpress.ru/files/ACN52.ZIP,https://zxpress.ru/ru/ezines/acnews/52
ACNews,53,ACN53.ZIP,https://zxpress.ru/files/ACN53.ZIP,https://zxpress.ru/ru/ezines/acnews/53
ACNews,54,ACN54.ZIP,https://zxpress.ru/files/ACN54.ZIP,https://zxpress.ru/ru/ezines/acnews/54
ACNews,55,ACN55.ZIP,https://zxpress.ru/files/ACN55.ZIP,https://zxpress.ru/ru/ezines/acnews/55
ACNews,56,ACN56.ZIP,https://zxpress.ru/files/ACN56.ZIP,https://zxpress.ru/ru/ezines/acnews/56
ACNews,57,ACN57.zip,https://zxpress.ru/files/ACN57.zip,https://zxpress.ru/ru/ezines/acnews/57
ACNews,58,ACN58.zip,https://zxpress.ru/files/ACN58.zip,https://zxpress.ru/ru/ezines/acnews/58
ACNews,63,ACN63.zip,https://zxpress.ru/files/ACN63.zip,https://zxpress.ru/ru/ezines/acnews/63
ACNews,64,ACN64.zip,https://zxpress.ru/files/ACN64.zip,https://zxpress.ru/ru/ezines/acnews/64
ACNews,65,ACN65.zip,https://zxpress.ru/files/ACN65.zip,https://zxpress.ru/ru/ezines/acnews/65
ACNews,66,ACN66.zip,https://zxpress.ru/files/ACN66.zip,https://zxpress.ru/ru/ezines/acnews/66
ACNews,67,ACN67.zip,https://zxpress.ru/files/ACN67.zip,https://zxpress.ru/ru/ezines/acnews/67
ACNews,68,ACN68.zip,https://zxpress.ru/files/ACN68.zip,https://zxpress.ru/ru/ezines/acnews/68
ACNews,69,ACN69.zip,https://zxpress.ru/files/ACN69.zip,https://zxpress.ru/ru/ezines/acnews/69
ACNews,70,ACN70.zip,https://zxpress.ru/files/ACN70.zip,https://zxpress.ru/ru/ezines/acnews/70
ACNews,71,acn71.rar,https://zxpress.ru/files/acn71.rar,https://zxpress.ru/ru/ezines/acnews/71
ACNews,72,ACN72.zip,https://zxpress.ru/files/ACN72.zip,https://zxpress.ru/ru/ezines/acnews/72
ACNews,73,ACN73.zip,https://zxpress.ru/files/ACN73.zip,https://zxpress.ru/ru/ezines/acnews/73
ACNews,74,ACN74.trd,https://zxpress.ru/files/ACN74.trd,https://zxpress.ru/ru/ezines/acnews/74
ACNews,01-31,ACN01_31.ZIP,https://zxpress.ru/files/ACN01_31.ZIP,https://zxpress.ru/ru/ezines/acnews/01-31
ACNews,32--47,ACN32_47.ZIP,https://zxpress.ru/files/ACN32_47.ZIP,https://zxpress.ru/ru/ezines/acnews/32-47
Amiga Info,02,AMIGA_2.ZIP,https://zxpress.ru/files/AMIGA_2.ZIP,https://zxpress.ru/ru/ezines/amiga-info/02
Amiga News,00,AMNEWS00.ZIP,https://zxpress.ru/files/AMNEWS00.ZIP,https://zxpress.ru/ru/ezines/amiga-news-2/00
Anigdot,19,ANIGD19.ZIP,https://zxpress.ru/files/ANIGD19.ZIP,https://zxpress.ru/ru/ezines/anigdot/19
Anigdot,24,ANIGD24.ZIP,https://zxpress.ru/files/ANIGD24.ZIP,https://zxpress.ru/ru/ezines/anigdot/24
Anigdot,25,ANIGD25.ZIP,https://zxpress.ru/files/ANIGD25.ZIP,https://zxpress.ru/ru/ezines/anigdot/25
Anigdot,26,ANIGD26.ZIP,https://zxpress.ru/files/ANIGD26.ZIP,https://zxpress.ru/ru/ezines/anigdot/26
Anigdot,27,ANIGD27.ZIP,https://zxpress.ru/files/ANIGD27.ZIP,https://zxpress.ru/ru/ezines/anigdot/27
Anigdot,28,ANIGD28.zip,https://zxpress.ru/files/ANIGD28.zip,https://zxpress.ru/ru/ezines/anigdot/28
Anigdot,36,ANIGD36.ZIP,https://zxpress.ru/files/ANIGD36.ZIP,https://zxpress.ru/ru/ezines/anigdot/36
Anigdot,37,ANIGD37.ZIP,https://zxpress.ru/files/ANIGD37.ZIP,https://zxpress.ru/ru/ezines/anigdot/37
Anigdot,38,ANIGD38.ZIP,https://zxpress.ru/files/ANIGD38.ZIP,https://zxpress.ru/ru/ezines/anigdot/38
Anigdot,39,ANIGD39.ZIP,https://zxpress.ru/files/ANIGD39.ZIP,https://zxpress.ru/ru/ezines/anigdot/39
Anigdot,40,ANIGD40.ZIP,https://zxpress.ru/files/ANIGD40.ZIP,https://zxpress.ru/ru/ezines/anigdot/40
Anigdot,41,ANIGD41.ZIP,https://zxpress.ru/files/ANIGD41.ZIP,https://zxpress.ru/ru/ezines/anigdot/41
Anigdot,42,ANIGD42.ZIP,https://zxpress.ru/files/ANIGD42.ZIP,https://zxpress.ru/ru/ezines/anigdot/42
Anigdot,43,ANIGD43.ZIP,https://zxpress.ru/files/ANIGD43.ZIP,https://zxpress.ru/ru/ezines/anigdot/43
Anigdot,44,ANIGD44.ZIP,https://zxpress.ru/files/ANIGD44.ZIP,https://zxpress.ru/ru/ezines/anigdot/44
Anigdot,45,ANIGD45.ZIP,https://zxpress.ru/files/ANIGD45.ZIP,https://zxpress.ru/ru/ezines/anigdot/45
Anigdot,46,ANIGD46.ZIP,https://zxpress.ru/files/ANIGD46.ZIP,https://zxpress.ru/ru/ezines/anigdot/46
Anigdot,47,ANIGD47.ZIP,https://zxpress.ru/files/ANIGD47.ZIP,https://zxpress.ru/ru/ezines/anigdot/47
Anigdot,50,anigd50.trd,https://zxpress.ru/files/anigd50.trd,https://zxpress.ru/ru/ezines/anigdot/50
Anigdot,51,anigd51.trd,https://zxpress.ru/files/anigd51.trd,https://zxpress.ru/ru/ezines/anigdot/51
Aspect,10,ASPECT10.ZIP,https://zxpress.ru/files/ASPECT10.ZIP,https://zxpress.ru/ru/ezines/aspect/10
Avro News,00,AVRNEWS0.ZIP,https://zxpress.ru/files/AVRNEWS0.ZIP,https://zxpress.ru/ru/ezines/avro-news/00
Avro News,02,AVRNEWS2.ZIP,https://zxpress.ru/files/AVRNEWS2.ZIP,https://zxpress.ru/ru/ezines/avro-news/02
Avro News,03,AVRNEWS3.ZIP,https://zxpress.ru/files/AVRNEWS3.ZIP,https://zxpress.ru/ru/ezines/avro-news/03
Avro News,04,AVRNEWS4.ZIP,https://zxpress.ru/files/AVRNEWS4.ZIP,https://zxpress.ru/ru/ezines/avro-news/04
Balagan,03,BALAGAN3.ZIP,https://zxpress.ru/files/BALAGAN3.ZIP,https://zxpress.ru/ru/ezines/balagan/03
Batva,02,BATVA02.ZIP,https://zxpress.ru/files/BATVA02.ZIP,https://zxpress.ru/ru/ezines/batva/02
BBSTOP,04,BBSTOP4.ZIP,https://zxpress.ru/files/BBSTOP4.ZIP,https://zxpress.ru/ru/ezines/bbstop/04
BBSTOP,2.5,BBST2_5.ZIP,https://zxpress.ru/files/BBST2_5.ZIP,https://zxpress.ru/ru/ezines/bbstop/2-5
Best of,02,BEST2.ZIP,https://zxpress.ru/files/BEST2.ZIP,https://zxpress.ru/ru/ezines/best-of/02
Best of,03,BEST3.ZIP,https://zxpress.ru/files/BEST3.ZIP,https://zxpress.ru/ru/ezines/best-of/03
Black Crow,05,BLACKR5.ZIP,https://zxpress.ru/files/BLACKR5.ZIP,https://zxpress.ru/ru/ezines/black-crow/05
Black Crow,07,BCROW7.ZIP,https://zxpress.ru/files/BCROW7.ZIP,https://zxpress.ru/ru/ezines/black-crow/07
Body,03,BODY_03.ZIP,https://zxpress.ru/files/BODY_03.ZIP,https://zxpress.ru/ru/ezines/body/03
Body,04,BODY_04.ZIP,https://zxpress.ru/files/BODY_04.ZIP,https://zxpress.ru/ru/ezines/body/04
Body,05,BODY_05.ZIP,https://zxpress.ru/files/BODY_05.ZIP,https://zxpress.ru/ru/ezines/body/05
Body,06,BODY_06.ZIP,https://zxpress.ru/files/BODY_06.ZIP,https://zxpress.ru/ru/ezines/body/06
Body,08,BODY_08.ZIP,https://zxpress.ru/files/BODY_08.ZIP,https://zxpress.ru/ru/ezines/body/08
Body,09,BODY_09.ZIP,https://zxpress.ru/files/BODY_09.ZIP,https://zxpress.ru/ru/ezines/body/09
Body,0B,BODY_0B.ZIP,https://zxpress.ru/files/BODY_0B.ZIP,https://zxpress.ru/ru/ezines/body/0b
Body,0C,BODY_0C.ZIP,https://zxpress.ru/files/BODY_0C.ZIP,https://zxpress.ru/ru/ezines/body/0c
Body,26,BODY_26.ZIP,https://zxpress.ru/files/BODY_26.ZIP,https://zxpress.ru/ru/ezines/body/26
Body,29,BODY_29.ZIP,https://zxpress.ru/files/BODY_29.ZIP,https://zxpress.ru/ru/ezines/body/29
Body,38,BODY_38.ZIP,https://zxpress.ru/files/BODY_38.ZIP,https://zxpress.ru/ru/ezines/body/38
Body,39,BODY_39.ZIP,https://zxpress.ru/files/BODY_39.ZIP,https://zxpress.ru/ru/ezines/body/39
Body,3F,BODY_3F.ZIP,https://zxpress.ru/files/BODY_3F.ZIP,https://zxpress.ru/ru/ezines/body/3f
Bonus,15 - 19,BONUS.ZIP,https://zxpress.ru/files/BONUS.ZIP,https://zxpress.ru/ru/ezines/bonus/15-19
Book,02,BOOK02.ZIP,https://zxpress.ru/files/BOOK02.ZIP,https://zxpress.ru/ru/ezines/book/02
Bred,07,BRED7.ZIP,https://zxpress.ru/files/BRED7.ZIP,https://zxpress.ru/ru/ezines/bred/07
Bred,10,BRED10.zip,https://zxpress.ru/files/BRED10.zip,https://zxpress.ru/ru/ezines/bred/10
Bred,11,BRED11.ZIP,https://zxpress.ru/files/BRED11.ZIP,https://zxpress.ru/ru/ezines/bred/11
Bred,13,BRED13.zip,https://zxpress.ru/files/BRED13.zip,https://zxpress.ru/ru/ezines/bred/13
Buhenvald,02,BUH!_02.ZIP,https://zxpress.ru/files/BUH%21_02.ZIP,https://zxpress.ru/ru/ezines/buhenvald/02
Buhenvald,03,BUH!_03.ZIP,https://zxpress.ru/files/BUH%21_03.ZIP,https://zxpress.ru/ru/ezines/buhenvald/03
Burn the Lighter,02,BTL_002B.zip,https://zxpress.ru/files/BTL_002B.zip,https://zxpress.ru/ru/ezines/burn-the-lighter/02
Burn the Lighter,04,BTL_004.zip,https://zxpress.ru/files/BTL_004.zip,https://zxpress.ru/ru/ezines/burn-the-lighter/04
Burn the Lighter,05,BTL_005.zip,https://zxpress.ru/files/BTL_005.zip,https://zxpress.ru/ru/ezines/burn-the-lighter/05
Burn the Lighter,06,BTL_006.zip,https://zxpress.ru/files/BTL_006.zip,https://zxpress.ru/ru/ezines/burn-the-lighter/06
Burn the Lighter,08,BTL08.zip,https://zxpress.ru/files/BTL08.zip,https://zxpress.ru/ru/ezines/burn-the-lighter/08
Burn the Lighter,09,BTL09.zip,https://zxpress.ru/files/BTL09.zip,https://zxpress.ru/ru/ezines/burn-the-lighter/09
Burn the Lighter,10,BTL10.zip,https://zxpress.ru/files/BTL10.zip,https://zxpress.ru/ru/ezines/burn-the-lighter/10
Burn the Lighter,11,BTL11.zip,https://zxpress.ru/files/BTL11.zip,https://zxpress.ru/ru/ezines/burn-the-lighter/11
Burn the Lighter,12,BTL12.zip,https://zxpress.ru/files/BTL12.zip,https://zxpress.ru/ru/ezines/burn-the-lighter/12
Burn the Lighter,13,BTL13.zip,https://zxpress.ru/files/BTL13.zip,https://zxpress.ru/ru/ezines/burn-the-lighter/13
Burn the Lighter,14,BTL14 (1).zip,https://zxpress.ru/files/BTL14%20%281%29.zip,https://zxpress.ru/ru/ezines/burn-the-lighter/14
Buzz,01,BUZZ_01.ZIP,https://zxpress.ru/files/BUZZ_01.ZIP,https://zxpress.ru/ru/ezines/buzz/01
Buzz,02,BUZZ_02.ZIP,https://zxpress.ru/files/BUZZ_02.ZIP,https://zxpress.ru/ru/ezines/buzz/02
Buzz,03,BUZZ_03.ZIP,https://zxpress.ru/files/BUZZ_03.ZIP,https://zxpress.ru/ru/ezines/buzz/03
C-Net Week,01,CWEEK01.ZIP,https://zxpress.ru/files/CWEEK01.ZIP,https://zxpress.ru/ru/ezines/c-net-week/01
C-Net Week,02,CWEEK02.ZIP,https://zxpress.ru/files/CWEEK02.ZIP,https://zxpress.ru/ru/ezines/c-net-week/02
C-Net Week,03,CWEEK03.ZIP,https://zxpress.ru/files/CWEEK03.ZIP,https://zxpress.ru/ru/ezines/c-net-week/03
C-Net Week,04,CWEEK04.ZIP,https://zxpress.ru/files/CWEEK04.ZIP,https://zxpress.ru/ru/ezines/c-net-week/04
C-Net Week,05,CWEEK05.ZIP,https://zxpress.ru/files/CWEEK05.ZIP,https://zxpress.ru/ru/ezines/c-net-week/05
C-Net Week,06,CWEEK06.ZIP,https://zxpress.ru/files/CWEEK06.ZIP,https://zxpress.ru/ru/ezines/c-net-week/06
C-Net Week,13,CWEEK13.ZIP,https://zxpress.ru/files/CWEEK13.ZIP,https://zxpress.ru/ru/ezines/c-net-week/13
C-Net Week,14,CWEEK14.ZIP,https://zxpress.ru/files/CWEEK14.ZIP,https://zxpress.ru/ru/ezines/c-net-week/14
Cancer,02,CANCER02.ZIP,https://zxpress.ru/files/CANCER02.ZIP,https://zxpress.ru/ru/ezines/cancer/02
City,02,CITY02.ZIP,https://zxpress.ru/files/CITY02.ZIP,https://zxpress.ru/ru/ezines/city-2/02
City,03,CITY03.ZIP,https://zxpress.ru/files/CITY03.ZIP,https://zxpress.ru/ru/ezines/city-2/03
City,04,CITY04.ZIP,https://zxpress.ru/files/CITY04.ZIP,https://zxpress.ru/ru/ezines/city-2/04
City,05,CITY05.ZIP,https://zxpress.ru/files/CITY05.ZIP,https://zxpress.ru/ru/ezines/city-2/05
City,06,CITY06.ZIP,https://zxpress.ru/files/CITY06.ZIP,https://zxpress.ru/ru/ezines/city-2/06
City,07,CITY07.ZIP,https://zxpress.ru/files/CITY07.ZIP,https://zxpress.ru/ru/ezines/city-2/07
City,08,CITY08.ZIP,https://zxpress.ru/files/CITY08.ZIP,https://zxpress.ru/ru/ezines/city-2/08
City,09,CITY09.ZIP,https://zxpress.ru/files/CITY09.ZIP,https://zxpress.ru/ru/ezines/city-2/09
City,10,CITY10.ZIP,https://zxpress.ru/files/CITY10.ZIP,https://zxpress.ru/ru/ezines/city-2/10
City,11,CITY11.ZIP,https://zxpress.ru/files/CITY11.ZIP,https://zxpress.ru/ru/ezines/city-2/11
City,12,CITY12.ZIP,https://zxpress.ru/files/CITY12.ZIP,https://zxpress.ru/ru/ezines/city-2/12
City,13,CITY13.ZIP,https://zxpress.ru/files/CITY13.ZIP,https://zxpress.ru/ru/ezines/city-2/13
City,14,CITY14.ZIP,https://zxpress.ru/files/CITY14.ZIP,https://zxpress.ru/ru/ezines/city-2/14
City,15,CITY15.ZIP,https://zxpress.ru/files/CITY15.ZIP,https://zxpress.ru/ru/ezines/city-2/15
City,16,CITY16.ZIP,https://zxpress.ru/files/CITY16.ZIP,https://zxpress.ru/ru/ezines/city-2/16
City,17,CITY17.ZIP,https://zxpress.ru/files/CITY17.ZIP,https://zxpress.ru/ru/ezines/city-2/17
City,18,CITY18.ZIP,https://zxpress.ru/files/CITY18.ZIP,https://zxpress.ru/ru/ezines/city-2/18
City,19,CITY19.ZIP,https://zxpress.ru/files/CITY19.ZIP,https://zxpress.ru/ru/ezines/city-2/19
City,21,CITY21.ZIP,https://zxpress.ru/files/CITY21.ZIP,https://zxpress.ru/ru/ezines/city-2/21
City,22,CITY22.ZIP,https://zxpress.ru/files/CITY22.ZIP,https://zxpress.ru/ru/ezines/city-2/22
City,23,CITY23.ZIP,https://zxpress.ru/files/CITY23.ZIP,https://zxpress.ru/ru/ezines/city-2/23
City,24,CITY24.ZIP,https://zxpress.ru/files/CITY24.ZIP,https://zxpress.ru/ru/ezines/city-2/24
City,25,CITY25.ZIP,https://zxpress.ru/files/CITY25.ZIP,https://zxpress.ru/ru/ezines/city-2/25
City,35,CITY35.ZIP,https://zxpress.ru/files/CITY35.ZIP,https://zxpress.ru/ru/ezines/city-2/35
City,36,CITY36.ZIP,https://zxpress.ru/files/CITY36.ZIP,https://zxpress.ru/ru/ezines/city-2/36
City,37,CITY37.ZIP,https://zxpress.ru/files/CITY37.ZIP,https://zxpress.ru/ru/ezines/city-2/37
City,38,CITY38.ZIP,https://zxpress.ru/files/CITY38.ZIP,https://zxpress.ru/ru/ezines/city-2/38
City,39,CITY39.ZIP,https://zxpress.ru/files/CITY39.ZIP,https://zxpress.ru/ru/ezines/city-2/39
City,40,CITY40.ZIP,https://zxpress.ru/files/CITY40.ZIP,https://zxpress.ru/ru/ezines/city-2/40
City,42,CITY42.ZIP,https://zxpress.ru/files/CITY42.ZIP,https://zxpress.ru/ru/ezines/city-2/42
City,43,CITY43.ZIP,https://zxpress.ru/files/CITY43.ZIP,https://zxpress.ru/ru/ezines/city-2/43
City,44,CITY44.ZIP,https://zxpress.ru/files/CITY44.ZIP,https://zxpress.ru/ru/ezines/city-2/44
City,45,CITY45.ZIP,https://zxpress.ru/files/CITY45.ZIP,https://zxpress.ru/ru/ezines/city-2/45
City,46,CITY46.ZIP,https://zxpress.ru/files/CITY46.ZIP,https://zxpress.ru/ru/ezines/city-2/46
Clime,02,CLIME__2.ZIP,https://zxpress.ru/files/CLIME__2.ZIP,https://zxpress.ru/ru/ezines/clime/02
Cossackos,02,KOC2.ZIP,https://zxpress.ru/files/KOC2.ZIP,https://zxpress.ru/ru/ezines/cossackos/02
Cossackos,04,KOC4.ZIP,https://zxpress.ru/files/KOC4.ZIP,https://zxpress.ru/ru/ezines/cossackos/04
Cossackos,05,KOC5.ZIP,https://zxpress.ru/files/KOC5.ZIP,https://zxpress.ru/ru/ezines/cossackos/05
Cossackos,06,KOC6.ZIP,https://zxpress.ru/files/KOC6.ZIP,https://zxpress.ru/ru/ezines/cossackos/06
Cossackos,07,KOC7.ZIP,https://zxpress.ru/files/KOC7.ZIP,https://zxpress.ru/ru/ezines/cossackos/07
Cossackos,08,KOC8.ZIP,https://zxpress.ru/files/KOC8.ZIP,https://zxpress.ru/ru/ezines/cossackos/08
Cossackos,09,KOC9.ZIP,https://zxpress.ru/files/KOC9.ZIP,https://zxpress.ru/ru/ezines/cossackos/09
Cossackos,10,KOC10.ZIP,https://zxpress.ru/files/KOC10.ZIP,https://zxpress.ru/ru/ezines/cossackos/10
Cossackos,11,KOC11.ZIP,https://zxpress.ru/files/KOC11.ZIP,https://zxpress.ru/ru/ezines/cossackos/11
Cossackos,12,KOC12.ZIP,https://zxpress.ru/files/KOC12.ZIP,https://zxpress.ru/ru/ezines/cossackos/12
Cossackos,13,KOC13.ZIP,https://zxpress.ru/files/KOC13.ZIP,https://zxpress.ru/ru/ezines/cossackos/13
Cossackos,14,KOC14.ZIP,https://zxpress.ru/files/KOC14.ZIP,https://zxpress.ru/ru/ezines/cossackos/14
Cossackos,15,KOC15.ZIP,https://zxpress.ru/files/KOC15.ZIP,https://zxpress.ru/ru/ezines/cossackos/15
Cossackos,16,KOC16.ZIP,https://zxpress.ru/files/KOC16.ZIP,https://zxpress.ru/ru/ezines/cossackos/16
Cossackos,17,KOC17.ZIP,https://zxpress.ru/files/KOC17.ZIP,https://zxpress.ru/ru/ezines/cossackos/17
Cossackos,18,KOC18.ZIP,https://zxpress.ru/files/KOC18.ZIP,https://zxpress.ru/ru/ezines/cossackos/18
Cossackos,19,KOC19.ZIP,https://zxpress.ru/files/KOC19.ZIP,https://zxpress.ru/ru/ezines/cossackos/19
Cossackos,20,KOC20.ZIP,https://zxpress.ru/files/KOC20.ZIP,https://zxpress.ru/ru/ezines/cossackos/20
Crazy News,2,crn2.zip,https://zxpress.ru/files/crn2.zip,https://zxpress.ru/ru/ezines/crazy-news/2
Crazy News,3,crn3.zip,https://zxpress.ru/files/crn3.zip,https://zxpress.ru/ru/ezines/crazy-news/3
Crazy News,4,crn4.zip,https://zxpress.ru/files/crn4.zip,https://zxpress.ru/ru/ezines/crazy-news/4
Crazy News,5,crn5.zip,https://zxpress.ru/files/crn5.zip,https://zxpress.ru/ru/ezines/crazy-news/5
CyberSex,02,CYBERSX2.ZIP,https://zxpress.ru/files/CYBERSX2.ZIP,https://zxpress.ru/ru/ezines/cybersex/02
Deja Vu,00,DEJAVU0.ZIP,https://zxpress.ru/files/DEJAVU0.ZIP,https://zxpress.ru/ru/ezines/deja-vu/00
Dnieprobite,02,D_BITE02.ZIP,https://zxpress.ru/files/D_BITE02.ZIP,https://zxpress.ru/ru/ezines/dnieprobite/02
Dnieprobite,03,D_BITE03.ZIP,https://zxpress.ru/files/D_BITE03.ZIP,https://zxpress.ru/ru/ezines/dnieprobite/03
Dnieprobite,04,D_BITE04.ZIP,https://zxpress.ru/files/D_BITE04.ZIP,https://zxpress.ru/ru/ezines/dnieprobite/04
DonNews,05,DONNEWS5.ZIP,https://zxpress.ru/files/DONNEWS5.ZIP,https://zxpress.ru/ru/ezines/donnews/05
Dr. Longman`s News,01,DLNEWS01.ZIP,https://zxpress.ru/files/DLNEWS01.ZIP,https://zxpress.ru/ru/ezines/dr-longman-s-news/01
Dr. Longman`s News,02,DLNEWS02.ZIP,https://zxpress.ru/files/DLNEWS02.ZIP,https://zxpress.ru/ru/ezines/dr-longman-s-news/02
Dr. Longman`s News,03,Dlnews03.zip,https://zxpress.ru/files/Dlnews03.zip,https://zxpress.ru/ru/ezines/dr-longman-s-news/03
Dr. Longman`s News,04,DLNEWS04.ZIP,https://zxpress.ru/files/DLNEWS04.ZIP,https://zxpress.ru/ru/ezines/dr-longman-s-news/04
Echo,03,ECHO3.ZIP,https://zxpress.ru/files/ECHO3.ZIP,https://zxpress.ru/ru/ezines/echo/03
Electra,02,electra2.trd,https://zxpress.ru/files/electra2.trd,https://zxpress.ru/ru/ezines/electra/02
Emulate,Special Edition,EmulateSpecial1.zip,https://zxpress.ru/files/EmulateSpecial1.zip,https://zxpress.ru/ru/ezines/emulate/special-edition
Enigma Tape Magazine,02,ENIGMA2.ZIP,https://zxpress.ru/files/ENIGMA2.ZIP,https://zxpress.ru/ru/ezines/enigma-tape-magazine/02
Enigma Tape Magazine,05,ENIGMA5.zip,https://zxpress.ru/files/ENIGMA5.zip,https://zxpress.ru/ru/ezines/enigma-tape-magazine/05
Enigma Tape Magazine,06,ENIGMA6.zip,https://zxpress.ru/files/ENIGMA6.zip,https://zxpress.ru/ru/ezines/enigma-tape-magazine/06
Enigma Tape Magazine,07,ENIGMA7.zip,https://zxpress.ru/files/ENIGMA7.zip,https://zxpress.ru/ru/ezines/enigma-tape-magazine/07
Enigma Tape Magazine,08,ENIGMA8.zip,https://zxpress.ru/files/ENIGMA8.zip,https://zxpress.ru/ru/ezines/enigma-tape-magazine/08
Enigma Tape Magazine,09,ENIGM9R.ZIP,https://zxpress.ru/files/ENIGM9R.ZIP,https://zxpress.ru/ru/ezines/enigma-tape-magazine/09
Explorer,02,EXPL2.ZIP,https://zxpress.ru/files/EXPL2.ZIP,https://zxpress.ru/ru/ezines/explorer/02
Fanat Newspaper,02,FANAT02.ZIP,https://zxpress.ru/files/FANAT02.ZIP,https://zxpress.ru/ru/ezines/fanat-newspaper/02
Fanat Newspaper,03,FANAT03.ZIP,https://zxpress.ru/files/FANAT03.ZIP,https://zxpress.ru/ru/ezines/fanat-newspaper/03
Fantadrom,02,FTD2.ZIP,https://zxpress.ru/files/FTD2.ZIP,https://zxpress.ru/ru/ezines/fantadrom/02
Fantadrom,03,FTD3.ZIP,https://zxpress.ru/files/FTD3.ZIP,https://zxpress.ru/ru/ezines/fantadrom/03
Fantadrom,04,FTD4.ZIP,https://zxpress.ru/files/FTD4.ZIP,https://zxpress.ru/ru/ezines/fantadrom/04
Fantadrom,05,FTD5.ZIP,https://zxpress.ru/files/FTD5.ZIP,https://zxpress.ru/ru/ezines/fantadrom/05
Fantadrom,06,FTD6.ZIP,https://zxpress.ru/files/FTD6.ZIP,https://zxpress.ru/ru/ezines/fantadrom/06
Fantadrom,07,FTD7.ZIP,https://zxpress.ru/files/FTD7.ZIP,https://zxpress.ru/ru/ezines/fantadrom/07
Fantadrom,08,FTD8.ZIP,https://zxpress.ru/files/FTD8.ZIP,https://zxpress.ru/ru/ezines/fantadrom/08
Fantastic,02,FAN_02.ZIP,https://zxpress.ru/files/FAN_02.ZIP,https://zxpress.ru/ru/ezines/fantastic/02
Fantastic,03,FAN_03.ZIP,https://zxpress.ru/files/FAN_03.ZIP,https://zxpress.ru/ru/ezines/fantastic/03
Fantastic,04,FAN_04.ZIP,https://zxpress.ru/files/FAN_04.ZIP,https://zxpress.ru/ru/ezines/fantastic/04
Fantastic,05,FAN_05.ZIP,https://zxpress.ru/files/FAN_05.ZIP,https://zxpress.ru/ru/ezines/fantastic/05
Fantastic,06,FAN_06.ZIP,https://zxpress.ru/files/FAN_06.ZIP,https://zxpress.ru/ru/ezines/fantastic/06
Fantastic,07,FAN_07.ZIP,https://zxpress.ru/files/FAN_07.ZIP,https://zxpress.ru/ru/ezines/fantastic/07
Fantastic,08,FAN_08.ZIP,https://zxpress.ru/files/FAN_08.ZIP,https://zxpress.ru/ru/ezines/fantastic/08
Fantastic,09,FAN_09.ZIP,https://zxpress.ru/files/FAN_09.ZIP,https://zxpress.ru/ru/ezines/fantastic/09
Fantastic,10,FAN_10.ZIP,https://zxpress.ru/files/FAN_10.ZIP,https://zxpress.ru/ru/ezines/fantastic/10
Fantastic,11,FAN_11.ZIP,https://zxpress.ru/files/FAN_11.ZIP,https://zxpress.ru/ru/ezines/fantastic/11
Fantastic,12,FAN_12.ZIP,https://zxpress.ru/files/FAN_12.ZIP,https://zxpress.ru/ru/ezines/fantastic/12
Fantastic,13,FAN_13.ZIP,https://zxpress.ru/files/FAN_13.ZIP,https://zxpress.ru/ru/ezines/fantastic/13
Fantastic,14,FAN_14.ZIP,https://zxpress.ru/files/FAN_14.ZIP,https://zxpress.ru/ru/ezines/fantastic/14
Fantastic,15,FAN_15.ZIP,https://zxpress.ru/files/FAN_15.ZIP,https://zxpress.ru/ru/ezines/fantastic/15
Fantastic,16,FAN_16.ZIP,https://zxpress.ru/files/FAN_16.ZIP,https://zxpress.ru/ru/ezines/fantastic/16
Fantastic,17,FAN_17.ZIP,https://zxpress.ru/files/FAN_17.ZIP,https://zxpress.ru/ru/ezines/fantastic/17
Fantastic,18,FAN_18.ZIP,https://zxpress.ru/files/FAN_18.ZIP,https://zxpress.ru/ru/ezines/fantastic/18
Fantastic,19,FAN_19.ZIP,https://zxpress.ru/files/FAN_19.ZIP,https://zxpress.ru/ru/ezines/fantastic/19
Fantastic,21,FAN_21.ZIP,https://zxpress.ru/files/FAN_21.ZIP,https://zxpress.ru/ru/ezines/fantastic/21
Fantastic,22,FAN_22.ZIP,https://zxpress.ru/files/FAN_22.ZIP,https://zxpress.ru/ru/ezines/fantastic/22
Fantastic,23,FAN_23.ZIP,https://zxpress.ru/files/FAN_23.ZIP,https://zxpress.ru/ru/ezines/fantastic/23
Fantastic,24,FAN_24.ZIP,https://zxpress.ru/files/FAN_24.ZIP,https://zxpress.ru/ru/ezines/fantastic/24
Fantastic,25,FAN_25.ZIP,https://zxpress.ru/files/FAN_25.ZIP,https://zxpress.ru/ru/ezines/fantastic/25
Fantastic,26,FAN_26.ZIP,https://zxpress.ru/files/FAN_26.ZIP,https://zxpress.ru/ru/ezines/fantastic/26
Fantastic,27,FAN_27.ZIP,https://zxpress.ru/files/FAN_27.ZIP,https://zxpress.ru/ru/ezines/fantastic/27
Fantastic,28,FAN_28.ZIP,https://zxpress.ru/files/FAN_28.ZIP,https://zxpress.ru/ru/ezines/fantastic/28
Fantastic,29,FAN_29.ZIP,https://zxpress.ru/files/FAN_29.ZIP,https://zxpress.ru/ru/ezines/fantastic/29
Fantastic,31,FAN_31.ZIP,https://zxpress.ru/files/FAN_31.ZIP,https://zxpress.ru/ru/ezines/fantastic/31
Fantastic,32,FAN_32.ZIP,https://zxpress.ru/files/FAN_32.ZIP,https://zxpress.ru/ru/ezines/fantastic/32
Fantastic,33,FAN_33.ZIP,https://zxpress.ru/files/FAN_33.ZIP,https://zxpress.ru/ru/ezines/fantastic/33
Fantastic,34,FAN_34.ZIP,https://zxpress.ru/files/FAN_34.ZIP,https://zxpress.ru/ru/ezines/fantastic/34
Fantastic,36,FAN_36.ZIP,https://zxpress.ru/files/FAN_36.ZIP,https://zxpress.ru/ru/ezines/fantastic/36
Fantastic,37,FAN_37.ZIP,https://zxpress.ru/files/FAN_37.ZIP,https://zxpress.ru/ru/ezines/fantastic/37
Fantastic,38,FAN_38.ZIP,https://zxpress.ru/files/FAN_38.ZIP,https://zxpress.ru/ru/ezines/fantastic/38
Fantastic,39,FAN_39.ZIP,https://zxpress.ru/files/FAN_39.ZIP,https://zxpress.ru/ru/ezines/fantastic/39
Fantastic,40,FAN_40.ZIP,https://zxpress.ru/files/FAN_40.ZIP,https://zxpress.ru/ru/ezines/fantastic/40
Fantastic,41,FAN_41.ZIP,https://zxpress.ru/files/FAN_41.ZIP,https://zxpress.ru/ru/ezines/fantastic/41
Fantastic,42,FAN_42.ZIP,https://zxpress.ru/files/FAN_42.ZIP,https://zxpress.ru/ru/ezines/fantastic/42
Fantastic,43,FAN_43.ZIP,https://zxpress.ru/files/FAN_43.ZIP,https://zxpress.ru/ru/ezines/fantastic/43
Fantastic,44,FAN_44.ZIP,https://zxpress.ru/files/FAN_44.ZIP,https://zxpress.ru/ru/ezines/fantastic/44
Fantastic,46,FAN_46.ZIP,https://zxpress.ru/files/FAN_46.ZIP,https://zxpress.ru/ru/ezines/fantastic/46
Fantastic,47,FAN_47.ZIP,https://zxpress.ru/files/FAN_47.ZIP,https://zxpress.ru/ru/ezines/fantastic/47
Fantastic,48,FAN_48.ZIP,https://zxpress.ru/files/FAN_48.ZIP,https://zxpress.ru/ru/ezines/fantastic/48
Fantastic,49,FAN_49.ZIP,https://zxpress.ru/files/FAN_49.ZIP,https://zxpress.ru/ru/ezines/fantastic/49
Fantastic,50,FAN_50.ZIP,https://zxpress.ru/files/FAN_50.ZIP,https://zxpress.ru/ru/ezines/fantastic/50
Fantastic,51,FAN_51.ZIP,https://zxpress.ru/files/FAN_51.ZIP,https://zxpress.ru/ru/ezines/fantastic/51
Fantastic,52,FAN_52.ZIP,https://zxpress.ru/files/FAN_52.ZIP,https://zxpress.ru/ru/ezines/fantastic/52
Fantastic,53,FAN_53.ZIP,https://zxpress.ru/files/FAN_53.ZIP,https://zxpress.ru/ru/ezines/fantastic/53
Fantastic,54,FAN_54.ZIP,https://zxpress.ru/files/FAN_54.ZIP,https://zxpress.ru/ru/ezines/fantastic/54
Fantastic,55,FAN_55.ZIP,https://zxpress.ru/files/FAN_55.ZIP,https://zxpress.ru/ru/ezines/fantastic/55
Fantastic,56,FAN_56.ZIP,https://zxpress.ru/files/FAN_56.ZIP,https://zxpress.ru/ru/ezines/fantastic/56
Fantastic,57,FAN_57.ZIP,https://zxpress.ru/files/FAN_57.ZIP,https://zxpress.ru/ru/ezines/fantastic/57
Fantastic,58,FAN_58.ZIP,https://zxpress.ru/files/FAN_58.ZIP,https://zxpress.ru/ru/ezines/fantastic/58
Fantastic,59,FAN_59.ZIP,https://zxpress.ru/files/FAN_59.ZIP,https://zxpress.ru/ru/ezines/fantastic/59
Fantastic,60,FAN_60.ZIP,https://zxpress.ru/files/FAN_60.ZIP,https://zxpress.ru/ru/ezines/fantastic/60
Fantastic,61,FAN_61.ZIP,https://zxpress.ru/files/FAN_61.ZIP,https://zxpress.ru/ru/ezines/fantastic/61
Fantastic,62,FAN_62.ZIP,https://zxpress.ru/files/FAN_62.ZIP,https://zxpress.ru/ru/ezines/fantastic/62
Fantastic,63,FAN_63.ZIP,https://zxpress.ru/files/FAN_63.ZIP,https://zxpress.ru/ru/ezines/fantastic/63
Fantastic,64,FAN_64.ZIP,https://zxpress.ru/files/FAN_64.ZIP,https://zxpress.ru/ru/ezines/fantastic/64
Fantastic,65,FAN_65.ZIP,https://zxpress.ru/files/FAN_65.ZIP,https://zxpress.ru/ru/ezines/fantastic/65
Fantastic,66,FAN_66.ZIP,https://zxpress.ru/files/FAN_66.ZIP,https://zxpress.ru/ru/ezines/fantastic/66
Fantastic,67,FAN_67.ZIP,https://zxpress.ru/files/FAN_67.ZIP,https://zxpress.ru/ru/ezines/fantastic/67
Fantastic,68,FAN_68.ZIP,https://zxpress.ru/files/FAN_68.ZIP,https://zxpress.ru/ru/ezines/fantastic/68
Fantastic,69,FAN_69.ZIP,https://zxpress.ru/files/FAN_69.ZIP,https://zxpress.ru/ru/ezines/fantastic/69
Fantastic,70,FAN_70.ZIP,https://zxpress.ru/files/FAN_70.ZIP,https://zxpress.ru/ru/ezines/fantastic/70
Fantastic,71,FAN_71.ZIP,https://zxpress.ru/files/FAN_71.ZIP,https://zxpress.ru/ru/ezines/fantastic/71
Fantastic,72,FAN_72.ZIP,https://zxpress.ru/files/FAN_72.ZIP,https://zxpress.ru/ru/ezines/fantastic/72
Fantastic,73,FAN_73.ZIP,https://zxpress.ru/files/FAN_73.ZIP,https://zxpress.ru/ru/ezines/fantastic/73
Fantastic,74,FAN_74.ZIP,https://zxpress.ru/files/FAN_74.ZIP,https://zxpress.ru/ru/ezines/fantastic/74
Fantastic,75,FAN_75.ZIP,https://zxpress.ru/files/FAN_75.ZIP,https://zxpress.ru/ru/ezines/fantastic/75
Fantastic,76,FAN_76.ZIP,https://zxpress.ru/files/FAN_76.ZIP,https://zxpress.ru/ru/ezines/fantastic/76
Fantastic,77,FAN_77.ZIP,https://zxpress.ru/files/FAN_77.ZIP,https://zxpress.ru/ru/ezines/fantastic/77
Fantastic,78,FAN_78.ZIP,https://zxpress.ru/files/FAN_78.ZIP,https://zxpress.ru/ru/ezines/fantastic/78
Fantastic,79,FAN_79.ZIP,https://zxpress.ru/files/FAN_79.ZIP,https://zxpress.ru/ru/ezines/fantastic/79
Fantastic,80,FAN_80.ZIP,https://zxpress.ru/files/FAN_80.ZIP,https://zxpress.ru/ru/ezines/fantastic/80
Fantastic,81,FAN_81.ZIP,https://zxpress.ru/files/FAN_81.ZIP,https://zxpress.ru/ru/ezines/fantastic/81
Fantastic,82,FAN_82.ZIP,https://zxpress.ru/files/FAN_82.ZIP,https://zxpress.ru/ru/ezines/fantastic/82
Fantastic,83,FAN_83.ZIP,https://zxpress.ru/files/FAN_83.ZIP,https://zxpress.ru/ru/ezines/fantastic/83
Fantastic,84,FAN_84.ZIP,https://zxpress.ru/files/FAN_84.ZIP,https://zxpress.ru/ru/ezines/fantastic/84
Fantastic,85,FAN_85.ZIP,https://zxpress.ru/files/FAN_85.ZIP,https://zxpress.ru/ru/ezines/fantastic/85
Fantastic,86,FAN_86.ZIP,https://zxpress.ru/files/FAN_86.ZIP,https://zxpress.ru/ru/ezines/fantastic/86
Fantastic,87,FAN_87.ZIP,https://zxpress.ru/files/FAN_87.ZIP,https://zxpress.ru/ru/ezines/fantastic/87
Fantastic,88,FAN_88.ZIP,https://zxpress.ru/files/FAN_88.ZIP,https://zxpress.ru/ru/ezines/fantastic/88
Fantastic,89,FAN_89.ZIP,https://zxpress.ru/files/FAN_89.ZIP,https://zxpress.ru/ru/ezines/fantastic/89
Fantastic,90,FAN_90.ZIP,https://zxpress.ru/files/FAN_90.ZIP,https://zxpress.ru/ru/ezines/fantastic/90
Fantastic,91,FAN_91.ZIP,https://zxpress.ru/files/FAN_91.ZIP,https://zxpress.ru/ru/ezines/fantastic/91
Fantastic,92,FAN_92.ZIP,https://zxpress.ru/files/FAN_92.ZIP,https://zxpress.ru/ru/ezines/fantastic/92
Fantastic,93,FAN_93.ZIP,https://zxpress.ru/files/FAN_93.ZIP,https://zxpress.ru/ru/ezines/fantastic/93
Fantastic,94,FAN_94.ZIP,https://zxpress.ru/files/FAN_94.ZIP,https://zxpress.ru/ru/ezines/fantastic/94
Fantastic,95,FAN_95.ZIP,https://zxpress.ru/files/FAN_95.ZIP,https://zxpress.ru/ru/ezines/fantastic/95
Fantastic,96,FAN_96.ZIP,https://zxpress.ru/files/FAN_96.ZIP,https://zxpress.ru/ru/ezines/fantastic/96
Fantastic,97,FAN_97.ZIP,https://zxpress.ru/files/FAN_97.ZIP,https://zxpress.ru/ru/ezines/fantastic/97
Fantastic,98,FAN_98.ZIP,https://zxpress.ru/files/FAN_98.ZIP,https://zxpress.ru/ru/ezines/fantastic/98
Fantastic,99,FAN_99.ZIP,https://zxpress.ru/files/FAN_99.ZIP,https://zxpress.ru/ru/ezines/fantastic/99
Fantastic,100,FAN_100.ZIP,https://zxpress.ru/files/FAN_100.ZIP,https://zxpress.ru/ru/ezines/fantastic/100
Fantastic,101,FAN_101.ZIP,https://zxpress.ru/files/FAN_101.ZIP,https://zxpress.ru/ru/ezines/fantastic/101
Fantastic,102,FAN_102.ZIP,https://zxpress.ru/files/FAN_102.ZIP,https://zxpress.ru/ru/ezines/fantastic/102
Fantastic,103,FAN_103.ZIP,https://zxpress.ru/files/FAN_103.ZIP,https://zxpress.ru/ru/ezines/fantastic/103
Fantastic,104,FAN_104.ZIP,https://zxpress.ru/files/FAN_104.ZIP,https://zxpress.ru/ru/ezines/fantastic/104
Fantastic,105,FAN_105.ZIP,https://zxpress.ru/files/FAN_105.ZIP,https://zxpress.ru/ru/ezines/fantastic/105
Fantastic,106,FAN_106.ZIP,https://zxpress.ru/files/FAN_106.ZIP,https://zxpress.ru/ru/ezines/fantastic/106
Fantastic,107,FAN_107.ZIP,https://zxpress.ru/files/FAN_107.ZIP,https://zxpress.ru/ru/ezines/fantastic/107
Fantastic,108,FAN_108.ZIP,https://zxpress.ru/files/FAN_108.ZIP,https://zxpress.ru/ru/ezines/fantastic/108
Fantastic,109,FAN_109.ZIP,https://zxpress.ru/files/FAN_109.ZIP,https://zxpress.ru/ru/ezines/fantastic/109
Fantastic,110,FAN_110.ZIP,https://zxpress.ru/files/FAN_110.ZIP,https://zxpress.ru/ru/ezines/fantastic/110
Fantastic,111,FAN_111.ZIP,https://zxpress.ru/files/FAN_111.ZIP,https://zxpress.ru/ru/ezines/fantastic/111
Fantastic,112,FAN_112.ZIP,https://zxpress.ru/files/FAN_112.ZIP,https://zxpress.ru/ru/ezines/fantastic/112
Fantastic,113,FAN_113.ZIP,https://zxpress.ru/files/FAN_113.ZIP,https://zxpress.ru/ru/ezines/fantastic/113
Fantastic,114,FAN_114.ZIP,https://zxpress.ru/files/FAN_114.ZIP,https://zxpress.ru/ru/ezines/fantastic/114
Fantastic,115,FAN_115.ZIP,https://zxpress.ru/files/FAN_115.ZIP,https://zxpress.ru/ru/ezines/fantastic/115
Fantastic,116,FAN_116.ZIP,https://zxpress.ru/files/FAN_116.ZIP,https://zxpress.ru/ru/ezines/fantastic/116
Fantastic,117,FAN_117.ZIP,https://zxpress.ru/files/FAN_117.ZIP,https://zxpress.ru/ru/ezines/fantastic/117
Fantastic,118,FAN_118.ZIP,https://zxpress.ru/files/FAN_118.ZIP,https://zxpress.ru/ru/ezines/fantastic/118
Fantastic,119,FAN_119.ZIP,https://zxpress.ru/files/FAN_119.ZIP,https://zxpress.ru/ru/ezines/fantastic/119
Fantastic,120,FAN_120.ZIP,https://zxpress.ru/files/FAN_120.ZIP,https://zxpress.ru/ru/ezines/fantastic/120
Fantastic,121,FAN_121.ZIP,https://zxpress.ru/files/FAN_121.ZIP,https://zxpress.ru/ru/ezines/fantastic/121
Fantastic,122,FAN_122.ZIP,https://zxpress.ru/files/FAN_122.ZIP,https://zxpress.ru/ru/ezines/fantastic/122
Fantastic,123,FAN_123.ZIP,https://zxpress.ru/files/FAN_123.ZIP,https://zxpress.ru/ru/ezines/fantastic/123
Fantastic,124,FAN_124.ZIP,https://zxpress.ru/files/FAN_124.ZIP,https://zxpress.ru/ru/ezines/fantastic/124
Fantastic,125,FAN_125.ZIP,https://zxpress.ru/files/FAN_125.ZIP,https://zxpress.ru/ru/ezines/fantastic/125
Fantastic,126,FAN_126.ZIP,https://zxpress.ru/files/FAN_126.ZIP,https://zxpress.ru/ru/ezines/fantastic/126
Fantastic,127,FAN_127.ZIP,https://zxpress.ru/files/FAN_127.ZIP,https://zxpress.ru/ru/ezines/fantastic/127
Fantastic,128,FAN_128.ZIP,https://zxpress.ru/files/FAN_128.ZIP,https://zxpress.ru/ru/ezines/fantastic/128
Fantastic,129,FAN_129.ZIP,https://zxpress.ru/files/FAN_129.ZIP,https://zxpress.ru/ru/ezines/fantastic/129
Fantastic,130,FAN_130.ZIP,https://zxpress.ru/files/FAN_130.ZIP,https://zxpress.ru/ru/ezines/fantastic/130
Fantastic,131,FAN_131.ZIP,https://zxpress.ru/files/FAN_131.ZIP,https://zxpress.ru/ru/ezines/fantastic/131
Fantastic,132,FAN_132.ZIP,https://zxpress.ru/files/FAN_132.ZIP,https://zxpress.ru/ru/ezines/fantastic/132
Fantasy,1,FANTASY1.zip,https://zxpress.ru/files/FANTASY1.zip,https://zxpress.ru/ru/ezines/fantasy/1
Fantasy,2,FANTASY2.zip,https://zxpress.ru/files/FANTASY2.zip,https://zxpress.ru/ru/ezines/fantasy/2
Fantik,02,FANTIK02.ZIP,https://zxpress.ru/files/FANTIK02.ZIP,https://zxpress.ru/ru/ezines/fantik/02
Fantik,03,FANTIK03.ZIP,https://zxpress.ru/files/FANTIK03.ZIP,https://zxpress.ru/ru/ezines/fantik/03
Fantik,04,FANTIK04.ZIP,https://zxpress.ru/files/FANTIK04.ZIP,https://zxpress.ru/ru/ezines/fantik/04
Fantik,05,FANTIK05.ZIP,https://zxpress.ru/files/FANTIK05.ZIP,https://zxpress.ru/ru/ezines/fantik/05
Fantik,06,FANTIK06.ZIP,https://zxpress.ru/files/FANTIK06.ZIP,https://zxpress.ru/ru/ezines/fantik/06
Fenzin,01,FENZIN01.ZIP,https://zxpress.ru/files/FENZIN01.ZIP,https://zxpress.ru/ru/ezines/fenzin/01
Flash Info,02,F_INFO02.ZIP,https://zxpress.ru/files/F_INFO02.ZIP,https://zxpress.ru/ru/ezines/flash-info/02
Flash Info,03,F_INFO03.ZIP,https://zxpress.ru/files/F_INFO03.ZIP,https://zxpress.ru/ru/ezines/flash-info/03
Flash Info,04,F_INFO04.ZIP,https://zxpress.ru/files/F_INFO04.ZIP,https://zxpress.ru/ru/ezines/flash-info/04
Flash Info,05,F_INFO05.ZIP,https://zxpress.ru/files/F_INFO05.ZIP,https://zxpress.ru/ru/ezines/flash-info/05
Flash Info,06,F_INFO06.ZIP,https://zxpress.ru/files/F_INFO06.ZIP,https://zxpress.ru/ru/ezines/flash-info/06
Flash Info,07,F_INFO07.ZIP,https://zxpress.ru/files/F_INFO07.ZIP,https://zxpress.ru/ru/ezines/flash-info/07
Flash Info,08,F_INFO08.ZIP,https://zxpress.ru/files/F_INFO08.ZIP,https://zxpress.ru/ru/ezines/flash-info/08
Flash Info,11,F_INFO11.ZIP,https://zxpress.ru/files/F_INFO11.ZIP,https://zxpress.ru/ru/ezines/flash-info/11
Fuck,03,FUCK-03.ZIP,https://zxpress.ru/files/FUCK-03.ZIP,https://zxpress.ru/ru/ezines/fuck/03
Gamergy,01,Gamergy 1.scl,https://zxpress.ru/files/Gamergy%201.scl,https://zxpress.ru/ru/ezines/gamergy/01
Gamergy,02,Gamergy2.scl,https://zxpress.ru/files/Gamergy2.scl,https://zxpress.ru/ru/ezines/gamergy/02
GMS News,01,GMSNEWS1 (1).ZIP,https://zxpress.ru/files/GMSNEWS1%20%281%29.ZIP,https://zxpress.ru/ru/ezines/gms-news/01
GMS News,02,GMSNEWS2 (1).ZIP,https://zxpress.ru/files/GMSNEWS2%20%281%29.ZIP,https://zxpress.ru/ru/ezines/gms-news/02
GMS News,03,GMSNEWS3 (1).ZIP,https://zxpress.ru/files/GMSNEWS3%20%281%29.ZIP,https://zxpress.ru/ru/ezines/gms-news/03
Gomel ZX-Net News,00,GOMZXN00.ZIP,https://zxpress.ru/files/GOMZXN00.ZIP,https://zxpress.ru/ru/ezines/gomel-zx-net-news/00
Gorodok,02,GOROD2.ZIP,https://zxpress.ru/files/GOROD2.ZIP,https://zxpress.ru/ru/ezines/gorodok/02
Gorodok,03,GOROD3.ZIP,https://zxpress.ru/files/GOROD3.ZIP,https://zxpress.ru/ru/ezines/gorodok/03
Gorodok,04,GOROD4.ZIP,https://zxpress.ru/files/GOROD4.ZIP,https://zxpress.ru/ru/ezines/gorodok/04
Gorodok,05,GOROD5.ZIP,https://zxpress.ru/files/GOROD5.ZIP,https://zxpress.ru/ru/ezines/gorodok/05
Gorodok,06,GOROD6.ZIP,https://zxpress.ru/files/GOROD6.ZIP,https://zxpress.ru/ru/ezines/gorodok/06
Gorodok,07,GOROD7.ZIP,https://zxpress.ru/files/GOROD7.ZIP,https://zxpress.ru/ru/ezines/gorodok/07
Gorodok,08,GOROD8.ZIP,https://zxpress.ru/files/GOROD8.ZIP,https://zxpress.ru/ru/ezines/gorodok/08
Gorodok,09,GOROD9.ZIP,https://zxpress.ru/files/GOROD9.ZIP,https://zxpress.ru/ru/ezines/gorodok/09
Gorodok,10,GOROD10.ZIP,https://zxpress.ru/files/GOROD10.ZIP,https://zxpress.ru/ru/ezines/gorodok/10
Gorodok,11,GOROD11.ZIP,https://zxpress.ru/files/GOROD11.ZIP,https://zxpress.ru/ru/ezines/gorodok/11
Gorodok,12,GOROD12.ZIP,https://zxpress.ru/files/GOROD12.ZIP,https://zxpress.ru/ru/ezines/gorodok/12
Gorodok,13,GOROD13.ZIP,https://zxpress.ru/files/GOROD13.ZIP,https://zxpress.ru/ru/ezines/gorodok/13
Gorodok,14,GOROD14.ZIP,https://zxpress.ru/files/GOROD14.ZIP,https://zxpress.ru/ru/ezines/gorodok/14
Gorodok,15,GOROD15.ZIP,https://zxpress.ru/files/GOROD15.ZIP,https://zxpress.ru/ru/ezines/gorodok/15
Heresy,Satanic,SATANIC.ZIP,https://zxpress.ru/files/SATANIC.ZIP,https://zxpress.ru/ru/ezines/heresy/satanic
Horror,02,HORROR02.ZIP,https://zxpress.ru/files/HORROR02.ZIP,https://zxpress.ru/ru/ezines/horror/02
Horror,03,HORROR03.ZIP,https://zxpress.ru/files/HORROR03.ZIP,https://zxpress.ru/ru/ezines/horror/03
Horror,04,HORROR04.ZIP,https://zxpress.ru/files/HORROR04.ZIP,https://zxpress.ru/ru/ezines/horror/04
Horror,05,HORROR05.ZIP,https://zxpress.ru/files/HORROR05.ZIP,https://zxpress.ru/ru/ezines/horror/05
Impulse,11(html),IMPULS11.ZIP,https://zxpress.ru/files/IMPULS11.ZIP,https://zxpress.ru/ru/ezines/impulse/11-html
Info Guide,05,INFERNO5.ZIP,https://zxpress.ru/files/INFERNO5.ZIP,https://zxpress.ru/ru/ezines/info-guide/05-2
Info Guide,06,INFERNO6.ZIP,https://zxpress.ru/files/INFERNO6.ZIP,https://zxpress.ru/ru/ezines/info-guide/06-2
Info Guide,07,INFERNO7.ZIP,https://zxpress.ru/files/INFERNO7.ZIP,https://zxpress.ru/ru/ezines/info-guide/07-2
Info Guide,08,INFERNO8.ZIP,https://zxpress.ru/files/INFERNO8.ZIP,https://zxpress.ru/ru/ezines/info-guide/08-2
Info Guide,09,INFERNO9.ZIP,https://zxpress.ru/files/INFERNO9.ZIP,https://zxpress.ru/ru/ezines/info-guide/09-2
Info Guide,10,INFERN10.ZIP,https://zxpress.ru/files/INFERN10.ZIP,https://zxpress.ru/ru/ezines/info-guide/10-2
Info Guide,13,IG13.zip,https://zxpress.ru/files/IG13.zip,https://zxpress.ru/ru/ezines/info-guide/13
Info Guide,14,IG14.zip,https://zxpress.ru/files/IG14.zip,https://zxpress.ru/ru/ezines/info-guide/14
IzhNews,02,IZHNEWS2.ZIP,https://zxpress.ru/files/IZHNEWS2.ZIP,https://zxpress.ru/ru/ezines/izhnews/02
Lamergy,!,LAMERGY!.ZIP,https://zxpress.ru/files/LAMERGY%21.ZIP,https://zxpress.ru/ru/ezines/lamergy/item-881
Lamergy,0,LAMERGY0.ZIP,https://zxpress.ru/files/LAMERGY0.ZIP,https://zxpress.ru/ru/ezines/lamergy/0
Lamergy,1,LAMERGY1.ZIP,https://zxpress.ru/files/LAMERGY1.ZIP,https://zxpress.ru/ru/ezines/lamergy/1
Lamergy,2,LAMERGY2.ZIP,https://zxpress.ru/files/LAMERGY2.ZIP,https://zxpress.ru/ru/ezines/lamergy/2
Lamergy,3,LAMERGY3.ZIP,https://zxpress.ru/files/LAMERGY3.ZIP,https://zxpress.ru/ru/ezines/lamergy/3
Lamergy,4,LAMERGY4.ZIP,https://zxpress.ru/files/LAMERGY4.ZIP,https://zxpress.ru/ru/ezines/lamergy/4
Lamergy,5,LAMERGY5.ZIP,https://zxpress.ru/files/LAMERGY5.ZIP,https://zxpress.ru/ru/ezines/lamergy/5
Lamergy,6,LAMERGY6.ZIP,https://zxpress.ru/files/LAMERGY6.ZIP,https://zxpress.ru/ru/ezines/lamergy/6
Lamergy,7,LAMERGY7.ZIP,https://zxpress.ru/files/LAMERGY7.ZIP,https://zxpress.ru/ru/ezines/lamergy/7
Lamergy,8,LAMERGY8.ZIP,https://zxpress.ru/files/LAMERGY8.ZIP,https://zxpress.ru/ru/ezines/lamergy/8
Lamergy,9,LAMERGY9.ZIP,https://zxpress.ru/files/LAMERGY9.ZIP,https://zxpress.ru/ru/ezines/lamergy/9
Lamergy,A,LAMERGYA.ZIP,https://zxpress.ru/files/LAMERGYA.ZIP,https://zxpress.ru/ru/ezines/lamergy/a
Lamergy,B,LAMERGYB.ZIP,https://zxpress.ru/files/LAMERGYB.ZIP,https://zxpress.ru/ru/ezines/lamergy/b
Lamergy,C,LAMERGYC.ZIP,https://zxpress.ru/files/LAMERGYC.ZIP,https://zxpress.ru/ru/ezines/lamergy/c
Lamergy,D,LAMERGYD.ZIP,https://zxpress.ru/files/LAMERGYD.ZIP,https://zxpress.ru/ru/ezines/lamergy/d
Lamergy,E,LAMERGYE.ZIP,https://zxpress.ru/files/LAMERGYE.ZIP,https://zxpress.ru/ru/ezines/lamergy/e
Lamergy,F,LAMERGYF.ZIP,https://zxpress.ru/files/LAMERGYF.ZIP,https://zxpress.ru/ru/ezines/lamergy/f
Lamergy,M,LAMERGYM.ZIP,https://zxpress.ru/files/LAMERGYM.ZIP,https://zxpress.ru/ru/ezines/lamergy/m
Lamergy,R,LAMERGYR.ZIP,https://zxpress.ru/files/LAMERGYR.ZIP,https://zxpress.ru/ru/ezines/lamergy/r
Lamergy,S,LAMERGYS.ZIP,https://zxpress.ru/files/LAMERGYS.ZIP,https://zxpress.ru/ru/ezines/lamergy/s
Lamergy,U,LAMERGYU.ZIP,https://zxpress.ru/files/LAMERGYU.ZIP,https://zxpress.ru/ru/ezines/lamergy/u
Lamergy,W,LAMERGYW.ZIP,https://zxpress.ru/files/LAMERGYW.ZIP,https://zxpress.ru/ru/ezines/lamergy/w
Lamergy,X,LAMERGYX.ZIP,https://zxpress.ru/files/LAMERGYX.ZIP,https://zxpress.ru/ru/ezines/lamergy/x
Lamergy,Y,LAMERGYY.ZIP,https://zxpress.ru/files/LAMERGYY.ZIP,https://zxpress.ru/ru/ezines/lamergy/y
Lamergy,Z,LAMERGYZ.ZIP,https://zxpress.ru/files/LAMERGYZ.ZIP,https://zxpress.ru/ru/ezines/lamergy/z
Lamergy,10,LMG10.ZIP,https://zxpress.ru/files/LMG10.ZIP,https://zxpress.ru/ru/ezines/lamergy/10
Lamergy,11,LMG11.ZIP,https://zxpress.ru/files/LMG11.ZIP,https://zxpress.ru/ru/ezines/lamergy/11
Lamergy,12,LMG12.ZIP,https://zxpress.ru/files/LMG12.ZIP,https://zxpress.ru/ru/ezines/lamergy/12
Lamergy,13,LAMRGY13.ZIP,https://zxpress.ru/files/LAMRGY13.ZIP,https://zxpress.ru/ru/ezines/lamergy/13
Lamergy,14,LMG14.ZIP,https://zxpress.ru/files/LMG14.ZIP,https://zxpress.ru/ru/ezines/lamergy/14
Lamergy,15,LMG15.ZIP,https://zxpress.ru/files/LMG15.ZIP,https://zxpress.ru/ru/ezines/lamergy/15
Lamergy,16,LAM16.ZIP,https://zxpress.ru/files/LAM16.ZIP,https://zxpress.ru/ru/ezines/lamergy/16
Lamergy,6+,LAMERG6P.ZIP,https://zxpress.ru/files/LAMERG6P.ZIP,https://zxpress.ru/ru/ezines/lamergy/6-2
Lamergy,9+,LAMERG9P.ZIP,https://zxpress.ru/files/LAMERG9P.ZIP,https://zxpress.ru/ru/ezines/lamergy/9-2
Lamergy,X1,LAMX1.ZIP,https://zxpress.ru/files/LAMX1.ZIP,https://zxpress.ru/ru/ezines/lamergy/x1
Lamergy,X2,LAMX2.ZIP,https://zxpress.ru/files/LAMX2.ZIP,https://zxpress.ru/ru/ezines/lamergy/x2
Lamergy,X3,LAMX3.ZIP,https://zxpress.ru/files/LAMX3.ZIP,https://zxpress.ru/ru/ezines/lamergy/x3
Lamergy,12+,LAMRGY12.ZIP,https://zxpress.ru/files/LAMRGY12.ZIP,https://zxpress.ru/ru/ezines/lamergy/12-2
Lamergy,15+,LMG15P.ZIP,https://zxpress.ru/files/LMG15P.ZIP,https://zxpress.ru/ru/ezines/lamergy/15-2
Lamergy,Gbk,LMG_GBK.ZIP,https://zxpress.ru/files/LMG_GBK.ZIP,https://zxpress.ru/ru/ezines/lamergy/gbk
Lamergy,XXL,LAME-XXL.ZIP,https://zxpress.ru/files/LAME-XXL.ZIP,https://zxpress.ru/ru/ezines/lamergy/xxl
Lamergy,alt,ALT_LMG.ZIP,https://zxpress.ru/files/ALT_LMG.ZIP,https://zxpress.ru/ru/ezines/lamergy/alt
Lamergy,end,LMRY_END.ZIP,https://zxpress.ru/files/LMRY_END.ZIP,https://zxpress.ru/ru/ezines/lamergy/end
Lamergy,tbk,LMG_TBK.ZIP,https://zxpress.ru/files/LMG_TBK.ZIP,https://zxpress.ru/ru/ezines/lamergy/tbk
Lamergy,2006,LAME2006.ZIP,https://zxpress.ru/files/LAME2006.ZIP,https://zxpress.ru/ru/ezines/lamergy/2006
Lamergy,2007,LMG2007.ZIP,https://zxpress.ru/files/LMG2007.ZIP,https://zxpress.ru/ru/ezines/lamergy/2007
Lamergy,Kids,LAMEKIDS.ZIP,https://zxpress.ru/files/LAMEKIDS.ZIP,https://zxpress.ru/ru/ezines/lamergy/kids
Lamergy,Spec,LMGSPEC.ZIP,https://zxpress.ru/files/LMGSPEC.ZIP,https://zxpress.ru/ru/ezines/lamergy/spec
Lamergy,alt2,ALT_LMG2.ZIP,https://zxpress.ru/files/ALT_LMG2.ZIP,https://zxpress.ru/ru/ezines/lamergy/alt2
Lamergy,altB,ALTLMGB.ZIP,https://zxpress.ru/files/ALTLMGB.ZIP,https://zxpress.ru/ru/ezines/lamergy/altb
Lamergy,X-Mas,LMG-XMAS.ZIP,https://zxpress.ru/files/LMG-XMAS.ZIP,https://zxpress.ru/ru/ezines/lamergy/x-mas
Lamergy,actual,LMG_ACT.ZIP,https://zxpress.ru/files/LMG_ACT.ZIP,https://zxpress.ru/ru/ezines/lamergy/actual
Lamergy,show2003,LSHOW003.ZIP,https://zxpress.ru/files/LSHOW003.ZIP,https://zxpress.ru/ru/ezines/lamergy/show2003
Last 128,3.5,LAST35.ZIP,https://zxpress.ru/files/LAST35.ZIP,https://zxpress.ru/ru/ezines/last-128/3-5
Last 128,8.025,LAST8025.ZIP,https://zxpress.ru/files/LAST8025.ZIP,https://zxpress.ru/ru/ezines/last-128/8-025
Last 128,M!R 01,M!R01.ZIP,https://zxpress.ru/files/M%21R01.ZIP,https://zxpress.ru/ru/ezines/last-128/m-r-01
Life,02,LIFE02.ZIP,https://zxpress.ru/files/LIFE02.ZIP,https://zxpress.ru/ru/ezines/life/02
Life,03,LIFE03.ZIP,https://zxpress.ru/files/LIFE03.ZIP,https://zxpress.ru/ru/ezines/life/03
Life,04,LIFE04.ZIP,https://zxpress.ru/files/LIFE04.ZIP,https://zxpress.ru/ru/ezines/life/04
Life,05,LIFE05.ZIP,https://zxpress.ru/files/LIFE05.ZIP,https://zxpress.ru/ru/ezines/life/05
Life,06,LIFE06.ZIP,https://zxpress.ru/files/LIFE06.ZIP,https://zxpress.ru/ru/ezines/life/06
Life,07,LIFE07.ZIP,https://zxpress.ru/files/LIFE07.ZIP,https://zxpress.ru/ru/ezines/life/07
Life,08,LIFE08.ZIP,https://zxpress.ru/files/LIFE08.ZIP,https://zxpress.ru/ru/ezines/life/08
Life,09,LIFE09.ZIP,https://zxpress.ru/files/LIFE09.ZIP,https://zxpress.ru/ru/ezines/life/09
Life,10,LIFE10.ZIP,https://zxpress.ru/files/LIFE10.ZIP,https://zxpress.ru/ru/ezines/life/10
Life,11,LIFE11.ZIP,https://zxpress.ru/files/LIFE11.ZIP,https://zxpress.ru/ru/ezines/life/11
Life,12,LIFE12.ZIP,https://zxpress.ru/files/LIFE12.ZIP,https://zxpress.ru/ru/ezines/life/12
Life,13,LIFE13.ZIP,https://zxpress.ru/files/LIFE13.ZIP,https://zxpress.ru/ru/ezines/life/13
Life,14,LIFE14.ZIP,https://zxpress.ru/files/LIFE14.ZIP,https://zxpress.ru/ru/ezines/life/14
Life,15,LIFE15.ZIP,https://zxpress.ru/files/LIFE15.ZIP,https://zxpress.ru/ru/ezines/life/15
Life,16,LIFE16.ZIP,https://zxpress.ru/files/LIFE16.ZIP,https://zxpress.ru/ru/ezines/life/16
Life,17,LIFE17.ZIP,https://zxpress.ru/files/LIFE17.ZIP,https://zxpress.ru/ru/ezines/life/17
Life,18,LIFE18.ZIP,https://zxpress.ru/files/LIFE18.ZIP,https://zxpress.ru/ru/ezines/life/18
Life,19,LIFE19.ZIP,https://zxpress.ru/files/LIFE19.ZIP,https://zxpress.ru/ru/ezines/life/19
Life,20,LIFE20.ZIP,https://zxpress.ru/files/LIFE20.ZIP,https://zxpress.ru/ru/ezines/life/20
Life,21,LIFE21.ZIP,https://zxpress.ru/files/LIFE21.ZIP,https://zxpress.ru/ru/ezines/life/21
Life,22,LIFE22.ZIP,https://zxpress.ru/files/LIFE22.ZIP,https://zxpress.ru/ru/ezines/life/22
Life,23,LIFE23.ZIP,https://zxpress.ru/files/LIFE23.ZIP,https://zxpress.ru/ru/ezines/life/23
Life,24,LIFE24.ZIP,https://zxpress.ru/files/LIFE24.ZIP,https://zxpress.ru/ru/ezines/life/24
Life,25,LIFE25.ZIP,https://zxpress.ru/files/LIFE25.ZIP,https://zxpress.ru/ru/ezines/life/25
Life,26,LIFE26.ZIP,https://zxpress.ru/files/LIFE26.ZIP,https://zxpress.ru/ru/ezines/life/26
Life,27,LIFE27.ZIP,https://zxpress.ru/files/LIFE27.ZIP,https://zxpress.ru/ru/ezines/life/27
Life,28,LIFE28.ZIP,https://zxpress.ru/files/LIFE28.ZIP,https://zxpress.ru/ru/ezines/life/28
Life,29,LIFE29.ZIP,https://zxpress.ru/files/LIFE29.ZIP,https://zxpress.ru/ru/ezines/life/29
Life,30,LIFE30.ZIP,https://zxpress.ru/files/LIFE30.ZIP,https://zxpress.ru/ru/ezines/life/30
Life,31,LIFE31.ZIP,https://zxpress.ru/files/LIFE31.ZIP,https://zxpress.ru/ru/ezines/life/31
Life,32,LIFE32.ZIP,https://zxpress.ru/files/LIFE32.ZIP,https://zxpress.ru/ru/ezines/life/32
Life,33,LIFE33.ZIP,https://zxpress.ru/files/LIFE33.ZIP,https://zxpress.ru/ru/ezines/life/33
Life,34,LIFE34.ZIP,https://zxpress.ru/files/LIFE34.ZIP,https://zxpress.ru/ru/ezines/life/34
Life,35,LIFE35.ZIP,https://zxpress.ru/files/LIFE35.ZIP,https://zxpress.ru/ru/ezines/life/35
Life,36,LIFE36.ZIP,https://zxpress.ru/files/LIFE36.ZIP,https://zxpress.ru/ru/ezines/life/36
Life,37,LIFE37.ZIP,https://zxpress.ru/files/LIFE37.ZIP,https://zxpress.ru/ru/ezines/life/37
Life,38,LIFE38.ZIP,https://zxpress.ru/files/LIFE38.ZIP,https://zxpress.ru/ru/ezines/life/38
Lime Tree,02,L_TREE02.ZIP,https://zxpress.ru/files/L_TREE02.ZIP,https://zxpress.ru/ru/ezines/lime-tree/02
Lime Tree,03,L_TREE03.ZIP,https://zxpress.ru/files/L_TREE03.ZIP,https://zxpress.ru/ru/ezines/lime-tree/03
Lime Tree,04,L_TREE04.ZIP,https://zxpress.ru/files/L_TREE04.ZIP,https://zxpress.ru/ru/ezines/lime-tree/04
Lime Tree,05,L_TREE05.ZIP,https://zxpress.ru/files/L_TREE05.ZIP,https://zxpress.ru/ru/ezines/lime-tree/05
Lime Tree,06,L_TREE06.ZIP,https://zxpress.ru/files/L_TREE06.ZIP,https://zxpress.ru/ru/ezines/lime-tree/06
Lime Tree,07,L_TREE07.ZIP,https://zxpress.ru/files/L_TREE07.ZIP,https://zxpress.ru/ru/ezines/lime-tree/07
Lime Tree,08,L_TREE08.ZIP,https://zxpress.ru/files/L_TREE08.ZIP,https://zxpress.ru/ru/ezines/lime-tree/08
Lime Tree,09,L_TREE09.ZIP,https://zxpress.ru/files/L_TREE09.ZIP,https://zxpress.ru/ru/ezines/lime-tree/09
Lime Tree,10,L_TREE10.ZIP,https://zxpress.ru/files/L_TREE10.ZIP,https://zxpress.ru/ru/ezines/lime-tree/10
Lime Tree,11,L_TREE11.ZIP,https://zxpress.ru/files/L_TREE11.ZIP,https://zxpress.ru/ru/ezines/lime-tree/11
Lime Tree,12,L_TREE12.ZIP,https://zxpress.ru/files/L_TREE12.ZIP,https://zxpress.ru/ru/ezines/lime-tree/12
Lime Tree,13,L_TREE13.ZIP,https://zxpress.ru/files/L_TREE13.ZIP,https://zxpress.ru/ru/ezines/lime-tree/13
Lime Tree,14,L_TREE14.ZIP,https://zxpress.ru/files/L_TREE14.ZIP,https://zxpress.ru/ru/ezines/lime-tree/14
Lime Tree,15,L_TREE15.ZIP,https://zxpress.ru/files/L_TREE15.ZIP,https://zxpress.ru/ru/ezines/lime-tree/15
Lime Tree,16,L_TREE16.ZIP,https://zxpress.ru/files/L_TREE16.ZIP,https://zxpress.ru/ru/ezines/lime-tree/16
Lime Tree,17,L_TREE17.ZIP,https://zxpress.ru/files/L_TREE17.ZIP,https://zxpress.ru/ru/ezines/lime-tree/17
Lime Tree,18,L_TREE18.ZIP,https://zxpress.ru/files/L_TREE18.ZIP,https://zxpress.ru/ru/ezines/lime-tree/18
Lime Tree,19,L_TREE19.ZIP,https://zxpress.ru/files/L_TREE19.ZIP,https://zxpress.ru/ru/ezines/lime-tree/19
Lime Tree,20,L_TREE20.ZIP,https://zxpress.ru/files/L_TREE20.ZIP,https://zxpress.ru/ru/ezines/lime-tree/20
Lime Tree,21,L_TREE21.ZIP,https://zxpress.ru/files/L_TREE21.ZIP,https://zxpress.ru/ru/ezines/lime-tree/21
Lime Tree,22,L_TREE22.ZIP,https://zxpress.ru/files/L_TREE22.ZIP,https://zxpress.ru/ru/ezines/lime-tree/22
Lime Tree,23,L_TREE23.ZIP,https://zxpress.ru/files/L_TREE23.ZIP,https://zxpress.ru/ru/ezines/lime-tree/23
Lime Tree,24,L_TREE24.ZIP,https://zxpress.ru/files/L_TREE24.ZIP,https://zxpress.ru/ru/ezines/lime-tree/24
Lime Tree,25,L_TREE25.ZIP,https://zxpress.ru/files/L_TREE25.ZIP,https://zxpress.ru/ru/ezines/lime-tree/25
Lime Tree,26,L_TREE26.ZIP,https://zxpress.ru/files/L_TREE26.ZIP,https://zxpress.ru/ru/ezines/lime-tree/26
Listok,04,LISTOK04.ZIP,https://zxpress.ru/files/LISTOK04.ZIP,https://zxpress.ru/ru/ezines/listok/04
Listok,05,LISTOK05.ZIP,https://zxpress.ru/files/LISTOK05.ZIP,https://zxpress.ru/ru/ezines/listok/05
Listok,06,LISTOK06.ZIP,https://zxpress.ru/files/LISTOK06.ZIP,https://zxpress.ru/ru/ezines/listok/06
Listok,08,LISTOK08.ZIP,https://zxpress.ru/files/LISTOK08.ZIP,https://zxpress.ru/ru/ezines/listok/08
Listok,09,LISTOK09.ZIP,https://zxpress.ru/files/LISTOK09.ZIP,https://zxpress.ru/ru/ezines/listok/09
Listok,10,LISTOK10.ZIP,https://zxpress.ru/files/LISTOK10.ZIP,https://zxpress.ru/ru/ezines/listok/10
Listok,11,LISTOK11.ZIP,https://zxpress.ru/files/LISTOK11.ZIP,https://zxpress.ru/ru/ezines/listok/11
Listok,12,LISTOK12.ZIP,https://zxpress.ru/files/LISTOK12.ZIP,https://zxpress.ru/ru/ezines/listok/12
Listok,13,LISTOK13.ZIP,https://zxpress.ru/files/LISTOK13.ZIP,https://zxpress.ru/ru/ezines/listok/13
Listok,14,LISTOK14.ZIP,https://zxpress.ru/files/LISTOK14.ZIP,https://zxpress.ru/ru/ezines/listok/14
Listok,15,LISTOK15.ZIP,https://zxpress.ru/files/LISTOK15.ZIP,https://zxpress.ru/ru/ezines/listok/15
Listok,16,LISTOK16.ZIP,https://zxpress.ru/files/LISTOK16.ZIP,https://zxpress.ru/ru/ezines/listok/16
Listok,17,LISTOK17.ZIP,https://zxpress.ru/files/LISTOK17.ZIP,https://zxpress.ru/ru/ezines/listok/17
Listok,18,LISTOK18.ZIP,https://zxpress.ru/files/LISTOK18.ZIP,https://zxpress.ru/ru/ezines/listok/18
Listok,19,LISTOK19.ZIP,https://zxpress.ru/files/LISTOK19.ZIP,https://zxpress.ru/ru/ezines/listok/19
Listok,20,LISTOK20.ZIP,https://zxpress.ru/files/LISTOK20.ZIP,https://zxpress.ru/ru/ezines/listok/20
Listok,21,LISTOK21.ZIP,https://zxpress.ru/files/LISTOK21.ZIP,https://zxpress.ru/ru/ezines/listok/21
Listok,22,LISTOK22.ZIP,https://zxpress.ru/files/LISTOK22.ZIP,https://zxpress.ru/ru/ezines/listok/22
Listok,23,LISTOK23.ZIP,https://zxpress.ru/files/LISTOK23.ZIP,https://zxpress.ru/ru/ezines/listok/23
Lprint,01,LPRINT01.ZIP,https://zxpress.ru/files/LPRINT01.ZIP,https://zxpress.ru/ru/ezines/lprint/01
Lprint,02,LPRINT02.ZIP,https://zxpress.ru/files/LPRINT02.ZIP,https://zxpress.ru/ru/ezines/lprint/02
Lprint,03,LPRINT03.ZIP,https://zxpress.ru/files/LPRINT03.ZIP,https://zxpress.ru/ru/ezines/lprint/03
Lprint,04,LPRINT04.ZIP,https://zxpress.ru/files/LPRINT04.ZIP,https://zxpress.ru/ru/ezines/lprint/04
Lprint,06,LPRINT06.ZIP,https://zxpress.ru/files/LPRINT06.ZIP,https://zxpress.ru/ru/ezines/lprint/06
Lprint,08,LPRINT08.ZIP,https://zxpress.ru/files/LPRINT08.ZIP,https://zxpress.ru/ru/ezines/lprint/08
Lprint,09,LPRINT09.ZIP,https://zxpress.ru/files/LPRINT09.ZIP,https://zxpress.ru/ru/ezines/lprint/09
Lprint,10,LPRINT10.ZIP,https://zxpress.ru/files/LPRINT10.ZIP,https://zxpress.ru/ru/ezines/lprint/10
Lprint,11,LPRINT11.ZIP,https://zxpress.ru/files/LPRINT11.ZIP,https://zxpress.ru/ru/ezines/lprint/11
Lprint,12,LPRINT12.ZIP,https://zxpress.ru/files/LPRINT12.ZIP,https://zxpress.ru/ru/ezines/lprint/12
Lprint,13,LPRINT13.ZIP,https://zxpress.ru/files/LPRINT13.ZIP,https://zxpress.ru/ru/ezines/lprint/13
Lprint,14,LPRINT14.ZIP,https://zxpress.ru/files/LPRINT14.ZIP,https://zxpress.ru/ru/ezines/lprint/14
Lprint,15,LPRINT15.ZIP,https://zxpress.ru/files/LPRINT15.ZIP,https://zxpress.ru/ru/ezines/lprint/15
Lprint,16,LPRINT16.ZIP,https://zxpress.ru/files/LPRINT16.ZIP,https://zxpress.ru/ru/ezines/lprint/16
Lprint,17,LPRINT17.ZIP,https://zxpress.ru/files/LPRINT17.ZIP,https://zxpress.ru/ru/ezines/lprint/17
Lprint,18,LPRINT18.ZIP,https://zxpress.ru/files/LPRINT18.ZIP,https://zxpress.ru/ru/ezines/lprint/18
Lprint,19,LPRINT19.ZIP,https://zxpress.ru/files/LPRINT19.ZIP,https://zxpress.ru/ru/ezines/lprint/19
Lprint,20,LPRINT20.ZIP,https://zxpress.ru/files/LPRINT20.ZIP,https://zxpress.ru/ru/ezines/lprint/20
Lprint,21,LPRINT21.ZIP,https://zxpress.ru/files/LPRINT21.ZIP,https://zxpress.ru/ru/ezines/lprint/21
Lprint,22,LPRINT22.ZIP,https://zxpress.ru/files/LPRINT22.ZIP,https://zxpress.ru/ru/ezines/lprint/22
Marazm,02,MARAZM02.ZIP,https://zxpress.ru/files/MARAZM02.ZIP,https://zxpress.ru/ru/ezines/marazm/02
Marazm,03,MARAZM03.ZIP,https://zxpress.ru/files/MARAZM03.ZIP,https://zxpress.ru/ru/ezines/marazm/03
Marazm,04,MARAZM04.ZIP,https://zxpress.ru/files/MARAZM04.ZIP,https://zxpress.ru/ru/ezines/marazm/04
Marazm,05,MARAZM05.ZIP,https://zxpress.ru/files/MARAZM05.ZIP,https://zxpress.ru/ru/ezines/marazm/05
Marazm,06,MARAZM06.ZIP,https://zxpress.ru/files/MARAZM06.ZIP,https://zxpress.ru/ru/ezines/marazm/06
Marazm,07,MARAZM07.ZIP,https://zxpress.ru/files/MARAZM07.ZIP,https://zxpress.ru/ru/ezines/marazm/07
Marazm,08,MARAZM08.ZIP,https://zxpress.ru/files/MARAZM08.ZIP,https://zxpress.ru/ru/ezines/marazm/08
Marazm,09,MARAZM09.ZIP,https://zxpress.ru/files/MARAZM09.ZIP,https://zxpress.ru/ru/ezines/marazm/09
Marazm,10,MARAZM10.ZIP,https://zxpress.ru/files/MARAZM10.ZIP,https://zxpress.ru/ru/ezines/marazm/10
Marazm,19,MARAZM19.ZIP,https://zxpress.ru/files/MARAZM19.ZIP,https://zxpress.ru/ru/ezines/marazm/19
Marazm,24,MARAZM24.ZIP,https://zxpress.ru/files/MARAZM24.ZIP,https://zxpress.ru/ru/ezines/marazm/24
Matrix,01,MATRIX1.ZIP,https://zxpress.ru/files/MATRIX1.ZIP,https://zxpress.ru/ru/ezines/matrix/01
Maximum,00,MAXI_00.ZIP,https://zxpress.ru/files/MAXI_00.ZIP,https://zxpress.ru/ru/ezines/maximum/00
Maximum,02,MAXI_02.ZIP,https://zxpress.ru/files/MAXI_02.ZIP,https://zxpress.ru/ru/ezines/maximum/02
Maximum,03,MAXI_03.ZIP,https://zxpress.ru/files/MAXI_03.ZIP,https://zxpress.ru/ru/ezines/maximum/03
Maximum,04,MAXI_04.ZIP,https://zxpress.ru/files/MAXI_04.ZIP,https://zxpress.ru/ru/ezines/maximum/04
Maximum,05,MAXI_05.ZIP,https://zxpress.ru/files/MAXI_05.ZIP,https://zxpress.ru/ru/ezines/maximum/05
Maximum,06,MAXI_06.ZIP,https://zxpress.ru/files/MAXI_06.ZIP,https://zxpress.ru/ru/ezines/maximum/06
Maximum,07,MAXI_07.ZIP,https://zxpress.ru/files/MAXI_07.ZIP,https://zxpress.ru/ru/ezines/maximum/07
Maximum,08,MAXI_08.ZIP,https://zxpress.ru/files/MAXI_08.ZIP,https://zxpress.ru/ru/ezines/maximum/08
Maximum,09,MAXI_09.ZIP,https://zxpress.ru/files/MAXI_09.ZIP,https://zxpress.ru/ru/ezines/maximum/09
Maximum,10,MAXI_10.ZIP,https://zxpress.ru/files/MAXI_10.ZIP,https://zxpress.ru/ru/ezines/maximum/10
Maximum,11,MAXI_11.ZIP,https://zxpress.ru/files/MAXI_11.ZIP,https://zxpress.ru/ru/ezines/maximum/11
Maximum,12,MAXI_12.ZIP,https://zxpress.ru/files/MAXI_12.ZIP,https://zxpress.ru/ru/ezines/maximum/12
Maximum,13,MAXI_13.ZIP,https://zxpress.ru/files/MAXI_13.ZIP,https://zxpress.ru/ru/ezines/maximum/13
Maximum,14,MAXI_14.ZIP,https://zxpress.ru/files/MAXI_14.ZIP,https://zxpress.ru/ru/ezines/maximum/14
Maximum,15,MAXI_15.ZIP,https://zxpress.ru/files/MAXI_15.ZIP,https://zxpress.ru/ru/ezines/maximum/15
Maximum,16,MAXI_16.ZIP,https://zxpress.ru/files/MAXI_16.ZIP,https://zxpress.ru/ru/ezines/maximum/16
Maximum,17,MAXI_17.ZIP,https://zxpress.ru/files/MAXI_17.ZIP,https://zxpress.ru/ru/ezines/maximum/17
Maximum,18,MAXI_18.ZIP,https://zxpress.ru/files/MAXI_18.ZIP,https://zxpress.ru/ru/ezines/maximum/18
Maximum,19,MAXI_19.ZIP,https://zxpress.ru/files/MAXI_19.ZIP,https://zxpress.ru/ru/ezines/maximum/19
Maximum,20,MAXI_20.ZIP,https://zxpress.ru/files/MAXI_20.ZIP,https://zxpress.ru/ru/ezines/maximum/20
Maximum,21,MAXI_21.ZIP,https://zxpress.ru/files/MAXI_21.ZIP,https://zxpress.ru/ru/ezines/maximum/21
Maximum,22,MAXI_22.ZIP,https://zxpress.ru/files/MAXI_22.ZIP,https://zxpress.ru/ru/ezines/maximum/22
Maximum,23,MAXI_23.ZIP,https://zxpress.ru/files/MAXI_23.ZIP,https://zxpress.ru/ru/ezines/maximum/23
Maximum,24,MAXI_24.ZIP,https://zxpress.ru/files/MAXI_24.ZIP,https://zxpress.ru/ru/ezines/maximum/24
Maximum,25,MAXI_25.ZIP,https://zxpress.ru/files/MAXI_25.ZIP,https://zxpress.ru/ru/ezines/maximum/25
Maximum,26,MAXI_26.ZIP,https://zxpress.ru/files/MAXI_26.ZIP,https://zxpress.ru/ru/ezines/maximum/26
Maximum,27,MAXI_27.ZIP,https://zxpress.ru/files/MAXI_27.ZIP,https://zxpress.ru/ru/ezines/maximum/27
Maximum,28,MAXI_28.ZIP,https://zxpress.ru/files/MAXI_28.ZIP,https://zxpress.ru/ru/ezines/maximum/28
Maximum,30,MAXI_30.ZIP,https://zxpress.ru/files/MAXI_30.ZIP,https://zxpress.ru/ru/ezines/maximum/30
Maximum,31,MAXI_31.ZIP,https://zxpress.ru/files/MAXI_31.ZIP,https://zxpress.ru/ru/ezines/maximum/31
Maximum,32,MAXI_32.ZIP,https://zxpress.ru/files/MAXI_32.ZIP,https://zxpress.ru/ru/ezines/maximum/32
Maximum,33,MAXI_33.ZIP,https://zxpress.ru/files/MAXI_33.ZIP,https://zxpress.ru/ru/ezines/maximum/33
Maximum,34,MAXI_34.ZIP,https://zxpress.ru/files/MAXI_34.ZIP,https://zxpress.ru/ru/ezines/maximum/34
Maximum,35,MAXI_35.ZIP,https://zxpress.ru/files/MAXI_35.ZIP,https://zxpress.ru/ru/ezines/maximum/35
Maximum,36,MAXI_36.ZIP,https://zxpress.ru/files/MAXI_36.ZIP,https://zxpress.ru/ru/ezines/maximum/36
Maximum,37,MAXI_37.ZIP,https://zxpress.ru/files/MAXI_37.ZIP,https://zxpress.ru/ru/ezines/maximum/37
Maximum,38,MAXI_38.ZIP,https://zxpress.ru/files/MAXI_38.ZIP,https://zxpress.ru/ru/ezines/maximum/38
Maximum,39,MAXI_39.ZIP,https://zxpress.ru/files/MAXI_39.ZIP,https://zxpress.ru/ru/ezines/maximum/39
Maximum,40,MAXI_40.ZIP,https://zxpress.ru/files/MAXI_40.ZIP,https://zxpress.ru/ru/ezines/maximum/40
Maximum,41,MAXI_41.ZIP,https://zxpress.ru/files/MAXI_41.ZIP,https://zxpress.ru/ru/ezines/maximum/41
Maximum,42,MAXI_42.ZIP,https://zxpress.ru/files/MAXI_42.ZIP,https://zxpress.ru/ru/ezines/maximum/42
Maximum,43,MAXI_43.ZIP,https://zxpress.ru/files/MAXI_43.ZIP,https://zxpress.ru/ru/ezines/maximum/43
Maximum,44,MAXI_44.ZIP,https://zxpress.ru/files/MAXI_44.ZIP,https://zxpress.ru/ru/ezines/maximum/44
Maximum,45,MAXI_45.ZIP,https://zxpress.ru/files/MAXI_45.ZIP,https://zxpress.ru/ru/ezines/maximum/45
Maximum,46,MAXI_46.ZIP,https://zxpress.ru/files/MAXI_46.ZIP,https://zxpress.ru/ru/ezines/maximum/46
Maximum,47,MAXI_47.ZIP,https://zxpress.ru/files/MAXI_47.ZIP,https://zxpress.ru/ru/ezines/maximum/47
Maximum,27.5,MAXI_275.ZIP,https://zxpress.ru/files/MAXI_275.ZIP,https://zxpress.ru/ru/ezines/maximum/27-5
Mirage,01,MIRAGE1.ZIP,https://zxpress.ru/files/MIRAGE1.ZIP,https://zxpress.ru/ru/ezines/mirage/01
Modern,03,MODERN03.ZIP,https://zxpress.ru/files/MODERN03.ZIP,https://zxpress.ru/ru/ezines/modern/03
Modern,04,MODERN04.ZIP,https://zxpress.ru/files/MODERN04.ZIP,https://zxpress.ru/ru/ezines/modern/04
Modern,05,MODERN05.ZIP,https://zxpress.ru/files/MODERN05.ZIP,https://zxpress.ru/ru/ezines/modern/05
Modern,06,MODERN06.ZIP,https://zxpress.ru/files/MODERN06.ZIP,https://zxpress.ru/ru/ezines/modern/06
Modern,07,MODERN07.ZIP,https://zxpress.ru/files/MODERN07.ZIP,https://zxpress.ru/ru/ezines/modern/07
Modern,08,MODERN08.ZIP,https://zxpress.ru/files/MODERN08.ZIP,https://zxpress.ru/ru/ezines/modern/08
Modern,09,MODERN09.ZIP,https://zxpress.ru/files/MODERN09.ZIP,https://zxpress.ru/ru/ezines/modern/09
Modern,10,MODERN10.ZIP,https://zxpress.ru/files/MODERN10.ZIP,https://zxpress.ru/ru/ezines/modern/10
Modern,11,MODERN11.ZIP,https://zxpress.ru/files/MODERN11.ZIP,https://zxpress.ru/ru/ezines/modern/11
Modern,12,MODERN12.ZIP,https://zxpress.ru/files/MODERN12.ZIP,https://zxpress.ru/ru/ezines/modern/12
Modern,13,MODERN13.ZIP,https://zxpress.ru/files/MODERN13.ZIP,https://zxpress.ru/ru/ezines/modern/13
Modern,15,MODERN15.ZIP,https://zxpress.ru/files/MODERN15.ZIP,https://zxpress.ru/ru/ezines/modern/15
Modern,16,MODERN16.ZIP,https://zxpress.ru/files/MODERN16.ZIP,https://zxpress.ru/ru/ezines/modern/16
Modern,17,MODERN17.ZIP,https://zxpress.ru/files/MODERN17.ZIP,https://zxpress.ru/ru/ezines/modern/17
Modern,18,MODERN18.ZIP,https://zxpress.ru/files/MODERN18.ZIP,https://zxpress.ru/ru/ezines/modern/18
Modern,19,MODERN19.ZIP,https://zxpress.ru/files/MODERN19.ZIP,https://zxpress.ru/ru/ezines/modern/19
Move,02,MOVE02.ZIP,https://zxpress.ru/files/MOVE02.ZIP,https://zxpress.ru/ru/ezines/move/02
Move,03,MOVE03.ZIP,https://zxpress.ru/files/MOVE03.ZIP,https://zxpress.ru/ru/ezines/move/03
Move,04,MOVE04.ZIP,https://zxpress.ru/files/MOVE04.ZIP,https://zxpress.ru/ru/ezines/move/04
Move,05,MOVE05.ZIP,https://zxpress.ru/files/MOVE05.ZIP,https://zxpress.ru/ru/ezines/move/05
Move,06,MOVE06.ZIP,https://zxpress.ru/files/MOVE06.ZIP,https://zxpress.ru/ru/ezines/move/06
Move,07,MOVE07.ZIP,https://zxpress.ru/files/MOVE07.ZIP,https://zxpress.ru/ru/ezines/move/07
Move,08,MOVE08.ZIP,https://zxpress.ru/files/MOVE08.ZIP,https://zxpress.ru/ru/ezines/move/08
MSD,02,MSD02.ZIP,https://zxpress.ru/files/MSD02.ZIP,https://zxpress.ru/ru/ezines/msd/02
MSD,05,MSD05.ZIP,https://zxpress.ru/files/MSD05.ZIP,https://zxpress.ru/ru/ezines/msd/05
MSD,06,MSD06.ZIP,https://zxpress.ru/files/MSD06.ZIP,https://zxpress.ru/ru/ezines/msd/06
MSD,07,MSD07.ZIP,https://zxpress.ru/files/MSD07.ZIP,https://zxpress.ru/ru/ezines/msd/07
MSD,08,MSD08.ZIP,https://zxpress.ru/files/MSD08.ZIP,https://zxpress.ru/ru/ezines/msd/08
MSD,10,MSD10.ZIP,https://zxpress.ru/files/MSD10.ZIP,https://zxpress.ru/ru/ezines/msd/10
MSF,25,MSF25.ZIP,https://zxpress.ru/files/MSF25.ZIP,https://zxpress.ru/ru/ezines/msf/25
My Speccy,01-06,MYSPECCY.ZIP,https://zxpress.ru/files/MYSPECCY.ZIP,https://zxpress.ru/ru/ezines/my-speccy/01-06
Neformal,05,NEFOR_05.ZIP,https://zxpress.ru/files/NEFOR_05.ZIP,https://zxpress.ru/ru/ezines/neformal/05
Neformal,06,NEFOR_06.ZIP,https://zxpress.ru/files/NEFOR_06.ZIP,https://zxpress.ru/ru/ezines/neformal/06
Neformal,07,NEFOR_07.ZIP,https://zxpress.ru/files/NEFOR_07.ZIP,https://zxpress.ru/ru/ezines/neformal/07
Neformal,08,NEFOR_08.ZIP,https://zxpress.ru/files/NEFOR_08.ZIP,https://zxpress.ru/ru/ezines/neformal/08
NemoFAQ,03,NEMOFAQ3.ZIP,https://zxpress.ru/files/NEMOFAQ3.ZIP,https://zxpress.ru/ru/ezines/nemofaq/03
NemoFAQ,04,NEMOFAQ4.ZIP,https://zxpress.ru/files/NEMOFAQ4.ZIP,https://zxpress.ru/ru/ezines/nemofaq/04
NemoFAQ,05,NEMOFAQ5.ZIP,https://zxpress.ru/files/NEMOFAQ5.ZIP,https://zxpress.ru/ru/ezines/nemofaq/05
NemoFAQ,06,NEMOFAQ6.ZIP,https://zxpress.ru/files/NEMOFAQ6.ZIP,https://zxpress.ru/ru/ezines/nemofaq/06
NemoFAQ,07,NEMOFAQ7.ZIP,https://zxpress.ru/files/NEMOFAQ7.ZIP,https://zxpress.ru/ru/ezines/nemofaq/07
Netus News,07,NETNEW07.ZIP,https://zxpress.ru/files/NETNEW07.ZIP,https://zxpress.ru/ru/ezines/netus-news/07
Next,18,NEXT18.ZIP,https://zxpress.ru/files/NEXT18.ZIP,https://zxpress.ru/ru/ezines/next/18
Next,00-03,NEXT0-3.ZIP,https://zxpress.ru/files/NEXT0-3.ZIP,https://zxpress.ru/ru/ezines/next/00-03
Next,04-05,NEXT4-5.ZIP,https://zxpress.ru/files/NEXT4-5.ZIP,https://zxpress.ru/ru/ezines/next/04-05
Next,06-09,NEXT6-9.ZIP,https://zxpress.ru/files/NEXT6-9.ZIP,https://zxpress.ru/ru/ezines/next/06-09
Next,00-17 (txt),NEXT0-17.ZIP,https://zxpress.ru/files/NEXT0-17.ZIP,https://zxpress.ru/ru/ezines/next/00-17-txt
Nicron,02,NICRON02.ZIP,https://zxpress.ru/files/NICRON02.ZIP,https://zxpress.ru/ru/ezines/nicron/02
Nicron,03,NICRON03.ZIP,https://zxpress.ru/files/NICRON03.ZIP,https://zxpress.ru/ru/ezines/nicron/03
Nicron,04,NICRON04.ZIP,https://zxpress.ru/files/NICRON04.ZIP,https://zxpress.ru/ru/ezines/nicron/04
Nicron,05,NICRON05.ZIP,https://zxpress.ru/files/NICRON05.ZIP,https://zxpress.ru/ru/ezines/nicron/05
Nicron,06,NICRON06.ZIP,https://zxpress.ru/files/NICRON06.ZIP,https://zxpress.ru/ru/ezines/nicron/06
Nicron,07,NICRON07.ZIP,https://zxpress.ru/files/NICRON07.ZIP,https://zxpress.ru/ru/ezines/nicron/07
Nicron,08,NICRON08.ZIP,https://zxpress.ru/files/NICRON08.ZIP,https://zxpress.ru/ru/ezines/nicron/08
Nicron,09,NICRON09.ZIP,https://zxpress.ru/files/NICRON09.ZIP,https://zxpress.ru/ru/ezines/nicron/09
Nicron,11,NICRON11.ZIP,https://zxpress.ru/files/NICRON11.ZIP,https://zxpress.ru/ru/ezines/nicron/11
Nicron,12,NICRON12.ZIP,https://zxpress.ru/files/NICRON12.ZIP,https://zxpress.ru/ru/ezines/nicron/12
Nicron,13,NICRON13.ZIP,https://zxpress.ru/files/NICRON13.ZIP,https://zxpress.ru/ru/ezines/nicron/13
Nicron,14,NICRON14.ZIP,https://zxpress.ru/files/NICRON14.ZIP,https://zxpress.ru/ru/ezines/nicron/14
Nicron,15,NICRON15.ZIP,https://zxpress.ru/files/NICRON15.ZIP,https://zxpress.ru/ru/ezines/nicron/15
Nicron,16,NICRON16.ZIP,https://zxpress.ru/files/NICRON16.ZIP,https://zxpress.ru/ru/ezines/nicron/16
Nicron,17,NICRON17.ZIP,https://zxpress.ru/files/NICRON17.ZIP,https://zxpress.ru/ru/ezines/nicron/17
Nicron,18,NICRON18.ZIP,https://zxpress.ru/files/NICRON18.ZIP,https://zxpress.ru/ru/ezines/nicron/18
Nicron,19,NICRON19.ZIP,https://zxpress.ru/files/NICRON19.ZIP,https://zxpress.ru/ru/ezines/nicron/19
Nicron,20,NICRON20.ZIP,https://zxpress.ru/files/NICRON20.ZIP,https://zxpress.ru/ru/ezines/nicron/20
Nicron,21,NICRON21.ZIP,https://zxpress.ru/files/NICRON21.ZIP,https://zxpress.ru/ru/ezines/nicron/21
Nicron,22,NICRON22.ZIP,https://zxpress.ru/files/NICRON22.ZIP,https://zxpress.ru/ru/ezines/nicron/22
Nicron,23,NICRON23.ZIP,https://zxpress.ru/files/NICRON23.ZIP,https://zxpress.ru/ru/ezines/nicron/23
Nicron,24,NICRON24.ZIP,https://zxpress.ru/files/NICRON24.ZIP,https://zxpress.ru/ru/ezines/nicron/24
Nicron,25,NICRON25.ZIP,https://zxpress.ru/files/NICRON25.ZIP,https://zxpress.ru/ru/ezines/nicron/25
Nicron,27,NICRON27.ZIP,https://zxpress.ru/files/NICRON27.ZIP,https://zxpress.ru/ru/ezines/nicron/27
Nicron,28,NICRON28.ZIP,https://zxpress.ru/files/NICRON28.ZIP,https://zxpress.ru/ru/ezines/nicron/28
Nicron,29,NICRON29.ZIP,https://zxpress.ru/files/NICRON29.ZIP,https://zxpress.ru/ru/ezines/nicron/29
Nicron,31,NICRON31.ZIP,https://zxpress.ru/files/NICRON31.ZIP,https://zxpress.ru/ru/ezines/nicron/31
Nicron,32,NICRON32.ZIP,https://zxpress.ru/files/NICRON32.ZIP,https://zxpress.ru/ru/ezines/nicron/32
Nicron,33,NICRON33.ZIP,https://zxpress.ru/files/NICRON33.ZIP,https://zxpress.ru/ru/ezines/nicron/33
Nicron,34,NICRON34.ZIP,https://zxpress.ru/files/NICRON34.ZIP,https://zxpress.ru/ru/ezines/nicron/34
Nicron,35,NICRON35.ZIP,https://zxpress.ru/files/NICRON35.ZIP,https://zxpress.ru/ru/ezines/nicron/35
Nicron,36,NICRON36.ZIP,https://zxpress.ru/files/NICRON36.ZIP,https://zxpress.ru/ru/ezines/nicron/36
Nicron,37,NICRON37.ZIP,https://zxpress.ru/files/NICRON37.ZIP,https://zxpress.ru/ru/ezines/nicron/37
Nicron,38,NICRON38.ZIP,https://zxpress.ru/files/NICRON38.ZIP,https://zxpress.ru/ru/ezines/nicron/38
Nicron,39,NICRON39.ZIP,https://zxpress.ru/files/NICRON39.ZIP,https://zxpress.ru/ru/ezines/nicron/39
Nicron,40,NICRON40.ZIP,https://zxpress.ru/files/NICRON40.ZIP,https://zxpress.ru/ru/ezines/nicron/40
Nicron,41,NICRON41.ZIP,https://zxpress.ru/files/NICRON41.ZIP,https://zxpress.ru/ru/ezines/nicron/41
Nicron,42,NICRON42.ZIP,https://zxpress.ru/files/NICRON42.ZIP,https://zxpress.ru/ru/ezines/nicron/42
Nicron,43,NICRON43.ZIP,https://zxpress.ru/files/NICRON43.ZIP,https://zxpress.ru/ru/ezines/nicron/43
Nicron,44,NICRON44.ZIP,https://zxpress.ru/files/NICRON44.ZIP,https://zxpress.ru/ru/ezines/nicron/44
Nicron,45,NICRON45.ZIP,https://zxpress.ru/files/NICRON45.ZIP,https://zxpress.ru/ru/ezines/nicron/45
Nicron,46,NICRON46.ZIP,https://zxpress.ru/files/NICRON46.ZIP,https://zxpress.ru/ru/ezines/nicron/46
Nicron,47,NICRON47.ZIP,https://zxpress.ru/files/NICRON47.ZIP,https://zxpress.ru/ru/ezines/nicron/47
Nicron,48,NICRON48.ZIP,https://zxpress.ru/files/NICRON48.ZIP,https://zxpress.ru/ru/ezines/nicron/48
Nicron,49,NICRON49.ZIP,https://zxpress.ru/files/NICRON49.ZIP,https://zxpress.ru/ru/ezines/nicron/49
Nicron,50,NICRON50.ZIP,https://zxpress.ru/files/NICRON50.ZIP,https://zxpress.ru/ru/ezines/nicron/50
Nicron,51,NICRON51.ZIP,https://zxpress.ru/files/NICRON51.ZIP,https://zxpress.ru/ru/ezines/nicron/51
Nicron,52,NICRON52.ZIP,https://zxpress.ru/files/NICRON52.ZIP,https://zxpress.ru/ru/ezines/nicron/52
Nicron,53,NICRON53.ZIP,https://zxpress.ru/files/NICRON53.ZIP,https://zxpress.ru/ru/ezines/nicron/53
Nicron,54,NICRON54.ZIP,https://zxpress.ru/files/NICRON54.ZIP,https://zxpress.ru/ru/ezines/nicron/54
Nicron,55,NICRON55.ZIP,https://zxpress.ru/files/NICRON55.ZIP,https://zxpress.ru/ru/ezines/nicron/55
Nicron,56,NICRON56.ZIP,https://zxpress.ru/files/NICRON56.ZIP,https://zxpress.ru/ru/ezines/nicron/56
Nicron,57,NICRON57.ZIP,https://zxpress.ru/files/NICRON57.ZIP,https://zxpress.ru/ru/ezines/nicron/57
Nicron,58,NICRON58.ZIP,https://zxpress.ru/files/NICRON58.ZIP,https://zxpress.ru/ru/ezines/nicron/58
Nicron,59,NICRON59.ZIP,https://zxpress.ru/files/NICRON59.ZIP,https://zxpress.ru/ru/ezines/nicron/59
Nicron,61,NICRON61.ZIP,https://zxpress.ru/files/NICRON61.ZIP,https://zxpress.ru/ru/ezines/nicron/61
Nicron,62,NICRON62.ZIP,https://zxpress.ru/files/NICRON62.ZIP,https://zxpress.ru/ru/ezines/nicron/62
Nicron,63,NICRON63.ZIP,https://zxpress.ru/files/NICRON63.ZIP,https://zxpress.ru/ru/ezines/nicron/63
Nicron,64,NICRON64.ZIP,https://zxpress.ru/files/NICRON64.ZIP,https://zxpress.ru/ru/ezines/nicron/64
Nicron,65,NICRON65.ZIP,https://zxpress.ru/files/NICRON65.ZIP,https://zxpress.ru/ru/ezines/nicron/65
Nicron,66,NICRON66.ZIP,https://zxpress.ru/files/NICRON66.ZIP,https://zxpress.ru/ru/ezines/nicron/66
Nicron,67,NICRON67.ZIP,https://zxpress.ru/files/NICRON67.ZIP,https://zxpress.ru/ru/ezines/nicron/67
Nicron,68,NICRON68.ZIP,https://zxpress.ru/files/NICRON68.ZIP,https://zxpress.ru/ru/ezines/nicron/68
Nicron,69,NICRON69.ZIP,https://zxpress.ru/files/NICRON69.ZIP,https://zxpress.ru/ru/ezines/nicron/69
Nicron,70,NICRON70.ZIP,https://zxpress.ru/files/NICRON70.ZIP,https://zxpress.ru/ru/ezines/nicron/70
Nicron,71,NICRON71.ZIP,https://zxpress.ru/files/NICRON71.ZIP,https://zxpress.ru/ru/ezines/nicron/71
Nicron,72,NICRON72.ZIP,https://zxpress.ru/files/NICRON72.ZIP,https://zxpress.ru/ru/ezines/nicron/72
Nicron,73,NICRON73.ZIP,https://zxpress.ru/files/NICRON73.ZIP,https://zxpress.ru/ru/ezines/nicron/73
Nicron,74,NICRON74.ZIP,https://zxpress.ru/files/NICRON74.ZIP,https://zxpress.ru/ru/ezines/nicron/74
Nicron,75,NICRON75.ZIP,https://zxpress.ru/files/NICRON75.ZIP,https://zxpress.ru/ru/ezines/nicron/75
Nicron,76,NICRON76.ZIP,https://zxpress.ru/files/NICRON76.ZIP,https://zxpress.ru/ru/ezines/nicron/76
Nicron,77,NICRON77.ZIP,https://zxpress.ru/files/NICRON77.ZIP,https://zxpress.ru/ru/ezines/nicron/77
Nicron,78,NICRON78.ZIP,https://zxpress.ru/files/NICRON78.ZIP,https://zxpress.ru/ru/ezines/nicron/78
Nicron,79,NICRON79.ZIP,https://zxpress.ru/files/NICRON79.ZIP,https://zxpress.ru/ru/ezines/nicron/79
Nicron,80,NICRON80.ZIP,https://zxpress.ru/files/NICRON80.ZIP,https://zxpress.ru/ru/ezines/nicron/80
Nicron,81,NICRON81.ZIP,https://zxpress.ru/files/NICRON81.ZIP,https://zxpress.ru/ru/ezines/nicron/81
Nicron,82,NICRON82.ZIP,https://zxpress.ru/files/NICRON82.ZIP,https://zxpress.ru/ru/ezines/nicron/82
Nicron,83,NICRON83.ZIP,https://zxpress.ru/files/NICRON83.ZIP,https://zxpress.ru/ru/ezines/nicron/83
Nicron,84,NICRON84.ZIP,https://zxpress.ru/files/NICRON84.ZIP,https://zxpress.ru/ru/ezines/nicron/84
Nicron,85,NICRON85.ZIP,https://zxpress.ru/files/NICRON85.ZIP,https://zxpress.ru/ru/ezines/nicron/85
Nicron,86,NICRON86.ZIP,https://zxpress.ru/files/NICRON86.ZIP,https://zxpress.ru/ru/ezines/nicron/86
Nicron,87,NICRON87.ZIP,https://zxpress.ru/files/NICRON87.ZIP,https://zxpress.ru/ru/ezines/nicron/87
Nicron,88,NICRON88.ZIP,https://zxpress.ru/files/NICRON88.ZIP,https://zxpress.ru/ru/ezines/nicron/88
Nicron,89,NICRON89.ZIP,https://zxpress.ru/files/NICRON89.ZIP,https://zxpress.ru/ru/ezines/nicron/89
Nicron,90,NICRON90.ZIP,https://zxpress.ru/files/NICRON90.ZIP,https://zxpress.ru/ru/ezines/nicron/90
Nicron,91,NICRON91.ZIP,https://zxpress.ru/files/NICRON91.ZIP,https://zxpress.ru/ru/ezines/nicron/91
Nicron,92,NICRON92.ZIP,https://zxpress.ru/files/NICRON92.ZIP,https://zxpress.ru/ru/ezines/nicron/92
Nicron,93,NICRON93.ZIP,https://zxpress.ru/files/NICRON93.ZIP,https://zxpress.ru/ru/ezines/nicron/93
Nicron,94,NICRON94.ZIP,https://zxpress.ru/files/NICRON94.ZIP,https://zxpress.ru/ru/ezines/nicron/94
Nicron,95,NICRON95.ZIP,https://zxpress.ru/files/NICRON95.ZIP,https://zxpress.ru/ru/ezines/nicron/95
Nicron,96,NICRON96.ZIP,https://zxpress.ru/files/NICRON96.ZIP,https://zxpress.ru/ru/ezines/nicron/96
Nicron,97,NICRON97.ZIP,https://zxpress.ru/files/NICRON97.ZIP,https://zxpress.ru/ru/ezines/nicron/97
Nicron,98,NICRON98.ZIP,https://zxpress.ru/files/NICRON98.ZIP,https://zxpress.ru/ru/ezines/nicron/98
Nicron,99,NICRON99.ZIP,https://zxpress.ru/files/NICRON99.ZIP,https://zxpress.ru/ru/ezines/nicron/99
Nicron,100,NICR_100.ZIP,https://zxpress.ru/files/NICR_100.ZIP,https://zxpress.ru/ru/ezines/nicron/100
Nicron,101,NICR_101.ZIP,https://zxpress.ru/files/NICR_101.ZIP,https://zxpress.ru/ru/ezines/nicron/101
Nicron,102,NICR_102.ZIP,https://zxpress.ru/files/NICR_102.ZIP,https://zxpress.ru/ru/ezines/nicron/102
Nicron,103,NICR_103.ZIP,https://zxpress.ru/files/NICR_103.ZIP,https://zxpress.ru/ru/ezines/nicron/103
Nicron,104,NICR_104.ZIP,https://zxpress.ru/files/NICR_104.ZIP,https://zxpress.ru/ru/ezines/nicron/104
Nicron,105,NICR_105.ZIP,https://zxpress.ru/files/NICR_105.ZIP,https://zxpress.ru/ru/ezines/nicron/105
Nicron,106,NICR_106.ZIP,https://zxpress.ru/files/NICR_106.ZIP,https://zxpress.ru/ru/ezines/nicron/106
Nicron,107,NICR_107.ZIP,https://zxpress.ru/files/NICR_107.ZIP,https://zxpress.ru/ru/ezines/nicron/107
Nicron,108,NICR_108.ZIP,https://zxpress.ru/files/NICR_108.ZIP,https://zxpress.ru/ru/ezines/nicron/108
Nicron,109,NICR_109.ZIP,https://zxpress.ru/files/NICR_109.ZIP,https://zxpress.ru/ru/ezines/nicron/109
Nicron,110,NICR_110.ZIP,https://zxpress.ru/files/NICR_110.ZIP,https://zxpress.ru/ru/ezines/nicron/110
Nicron,111,NICR_111.ZIP,https://zxpress.ru/files/NICR_111.ZIP,https://zxpress.ru/ru/ezines/nicron/111
Nicron,112,NICR_112.ZIP,https://zxpress.ru/files/NICR_112.ZIP,https://zxpress.ru/ru/ezines/nicron/112
Nicron,113,NICR_113.ZIP,https://zxpress.ru/files/NICR_113.ZIP,https://zxpress.ru/ru/ezines/nicron/113
Nicron,114,NICR_114.ZIP,https://zxpress.ru/files/NICR_114.ZIP,https://zxpress.ru/ru/ezines/nicron/114
Nicron,115,NICR_115.ZIP,https://zxpress.ru/files/NICR_115.ZIP,https://zxpress.ru/ru/ezines/nicron/115
Nicron,116,NICR_116.ZIP,https://zxpress.ru/files/NICR_116.ZIP,https://zxpress.ru/ru/ezines/nicron/116
Nicron,117,NICR_117.ZIP,https://zxpress.ru/files/NICR_117.ZIP,https://zxpress.ru/ru/ezines/nicron/117
Nicron,118,NICR_118.ZIP,https://zxpress.ru/files/NICR_118.ZIP,https://zxpress.ru/ru/ezines/nicron/118
Nicron,119,NICR_119.ZIP,https://zxpress.ru/files/NICR_119.ZIP,https://zxpress.ru/ru/ezines/nicron/119
Nicron,120,NICR_120.ZIP,https://zxpress.ru/files/NICR_120.ZIP,https://zxpress.ru/ru/ezines/nicron/120
Nicron,121,NICR_121.ZIP,https://zxpress.ru/files/NICR_121.ZIP,https://zxpress.ru/ru/ezines/nicron/121
Nicron,122,NICR_122.ZIP,https://zxpress.ru/files/NICR_122.ZIP,https://zxpress.ru/ru/ezines/nicron/122
Nicron,123,NICR_123.ZIP,https://zxpress.ru/files/NICR_123.ZIP,https://zxpress.ru/ru/ezines/nicron/123
Nicron,124,NICR_124.ZIP,https://zxpress.ru/files/NICR_124.ZIP,https://zxpress.ru/ru/ezines/nicron/124
Nicron,125,NICR_125.ZIP,https://zxpress.ru/files/NICR_125.ZIP,https://zxpress.ru/ru/ezines/nicron/125
Nicron,126,NICR_126.ZIP,https://zxpress.ru/files/NICR_126.ZIP,https://zxpress.ru/ru/ezines/nicron/126
Nicron,127,NICR_127.ZIP,https://zxpress.ru/files/NICR_127.ZIP,https://zxpress.ru/ru/ezines/nicron/127
Nicron,128,NICR_128.ZIP,https://zxpress.ru/files/NICR_128.ZIP,https://zxpress.ru/ru/ezines/nicron/128
Nicron,129,NICR_129.ZIP,https://zxpress.ru/files/NICR_129.ZIP,https://zxpress.ru/ru/ezines/nicron/129
Odyssey paper,03,ODDY03.ZIP,https://zxpress.ru/files/ODDY03.ZIP,https://zxpress.ru/ru/ezines/odyssey-paper/03
Odyssey paper,04,ODDY04.ZIP,https://zxpress.ru/files/ODDY04.ZIP,https://zxpress.ru/ru/ezines/odyssey-paper/04
Odyssey paper,05,ODDY05.ZIP,https://zxpress.ru/files/ODDY05.ZIP,https://zxpress.ru/ru/ezines/odyssey-paper/05
Odyssey paper,06,ODDY06.ZIP,https://zxpress.ru/files/ODDY06.ZIP,https://zxpress.ru/ru/ezines/odyssey-paper/06
On-Line,02,ONLINE02.ZIP,https://zxpress.ru/files/ONLINE02.ZIP,https://zxpress.ru/ru/ezines/on-line/02
On-Line,03,ONLINE03.ZIP,https://zxpress.ru/files/ONLINE03.ZIP,https://zxpress.ru/ru/ezines/on-line/03
On-Line,04,ONLINE04.ZIP,https://zxpress.ru/files/ONLINE04.ZIP,https://zxpress.ru/ru/ezines/on-line/04
On-Line,05,ONLINE05.ZIP,https://zxpress.ru/files/ONLINE05.ZIP,https://zxpress.ru/ru/ezines/on-line/05
On-Line,06,ONLINE06.ZIP,https://zxpress.ru/files/ONLINE06.ZIP,https://zxpress.ru/ru/ezines/on-line/06
On-Line,07,ONLINE07.ZIP,https://zxpress.ru/files/ONLINE07.ZIP,https://zxpress.ru/ru/ezines/on-line/07
On-Line,08,ONLINE08.ZIP,https://zxpress.ru/files/ONLINE08.ZIP,https://zxpress.ru/ru/ezines/on-line/08
On-Line,09,ONLINE09.ZIP,https://zxpress.ru/files/ONLINE09.ZIP,https://zxpress.ru/ru/ezines/on-line/09
On-Line,10,ONLINE10.ZIP,https://zxpress.ru/files/ONLINE10.ZIP,https://zxpress.ru/ru/ezines/on-line/10
On-Line,11,ONLINE11.ZIP,https://zxpress.ru/files/ONLINE11.ZIP,https://zxpress.ru/ru/ezines/on-line/11
On-Line,12,ONLINE12.ZIP,https://zxpress.ru/files/ONLINE12.ZIP,https://zxpress.ru/ru/ezines/on-line/12
On-Line,13,ONLINE13.ZIP,https://zxpress.ru/files/ONLINE13.ZIP,https://zxpress.ru/ru/ezines/on-line/13
On-Line,14,ONLINE14.ZIP,https://zxpress.ru/files/ONLINE14.ZIP,https://zxpress.ru/ru/ezines/on-line/14
On-Line,15,ONLINE15.ZIP,https://zxpress.ru/files/ONLINE15.ZIP,https://zxpress.ru/ru/ezines/on-line/15
On-Line,16,ONLINE16.ZIP,https://zxpress.ru/files/ONLINE16.ZIP,https://zxpress.ru/ru/ezines/on-line/16
On-Line,17,ONLINE17.ZIP,https://zxpress.ru/files/ONLINE17.ZIP,https://zxpress.ru/ru/ezines/on-line/17
On-Line,18,ONLINE18.ZIP,https://zxpress.ru/files/ONLINE18.ZIP,https://zxpress.ru/ru/ezines/on-line/18
On-Line,19,ONLINE19.ZIP,https://zxpress.ru/files/ONLINE19.ZIP,https://zxpress.ru/ru/ezines/on-line/19
On-Line,20,ONLINE20.ZIP,https://zxpress.ru/files/ONLINE20.ZIP,https://zxpress.ru/ru/ezines/on-line/20
On-Line,21,ONLINE21.ZIP,https://zxpress.ru/files/ONLINE21.ZIP,https://zxpress.ru/ru/ezines/on-line/21
On-Line,22,ONLINE22.ZIP,https://zxpress.ru/files/ONLINE22.ZIP,https://zxpress.ru/ru/ezines/on-line/22
On-Line,23,ONLINE23.ZIP,https://zxpress.ru/files/ONLINE23.ZIP,https://zxpress.ru/ru/ezines/on-line/23
On-Line,24,ONLINE24.ZIP,https://zxpress.ru/files/ONLINE24.ZIP,https://zxpress.ru/ru/ezines/on-line/24
On-Line,25,ONLINE25.ZIP,https://zxpress.ru/files/ONLINE25.ZIP,https://zxpress.ru/ru/ezines/on-line/25
On-Line,26,ONLINE26.ZIP,https://zxpress.ru/files/ONLINE26.ZIP,https://zxpress.ru/ru/ezines/on-line/26
On-Line,27,ONLINE27.ZIP,https://zxpress.ru/files/ONLINE27.ZIP,https://zxpress.ru/ru/ezines/on-line/27
On-Line,28,ONLINE28.ZIP,https://zxpress.ru/files/ONLINE28.ZIP,https://zxpress.ru/ru/ezines/on-line/28
On-Line,29,ONLINE29.ZIP,https://zxpress.ru/files/ONLINE29.ZIP,https://zxpress.ru/ru/ezines/on-line/29
On-Line,30,ONLINE30.ZIP,https://zxpress.ru/files/ONLINE30.ZIP,https://zxpress.ru/ru/ezines/on-line/30
On-Line,31,ONLINE31.ZIP,https://zxpress.ru/files/ONLINE31.ZIP,https://zxpress.ru/ru/ezines/on-line/31
On-Line,32,ONLINE32.ZIP,https://zxpress.ru/files/ONLINE32.ZIP,https://zxpress.ru/ru/ezines/on-line/32
On-Line,33,ONLINE33.ZIP,https://zxpress.ru/files/ONLINE33.ZIP,https://zxpress.ru/ru/ezines/on-line/33
On-Line,34,ONLINE34.ZIP,https://zxpress.ru/files/ONLINE34.ZIP,https://zxpress.ru/ru/ezines/on-line/34
On-Line,35,ONLINE35.ZIP,https://zxpress.ru/files/ONLINE35.ZIP,https://zxpress.ru/ru/ezines/on-line/35
On-Line,36,ONLINE36.ZIP,https://zxpress.ru/files/ONLINE36.ZIP,https://zxpress.ru/ru/ezines/on-line/36
On-Line,37,ONLINE37.ZIP,https://zxpress.ru/files/ONLINE37.ZIP,https://zxpress.ru/ru/ezines/on-line/37
On-Line,38,ONLINE38.ZIP,https://zxpress.ru/files/ONLINE38.ZIP,https://zxpress.ru/ru/ezines/on-line/38
On-Line,39,ONLINE39.ZIP,https://zxpress.ru/files/ONLINE39.ZIP,https://zxpress.ru/ru/ezines/on-line/39
On-Line,40,ONLINE40.ZIP,https://zxpress.ru/files/ONLINE40.ZIP,https://zxpress.ru/ru/ezines/on-line/40
On-Line,41,ONLINE41.ZIP,https://zxpress.ru/files/ONLINE41.ZIP,https://zxpress.ru/ru/ezines/on-line/41
On-Line,42,ONLINE42.ZIP,https://zxpress.ru/files/ONLINE42.ZIP,https://zxpress.ru/ru/ezines/on-line/42
On-Line,43,ONLINE43.ZIP,https://zxpress.ru/files/ONLINE43.ZIP,https://zxpress.ru/ru/ezines/on-line/43
On-Line,44,ONLINE44.ZIP,https://zxpress.ru/files/ONLINE44.ZIP,https://zxpress.ru/ru/ezines/on-line/44
On-Line,45,ONLINE45.ZIP,https://zxpress.ru/files/ONLINE45.ZIP,https://zxpress.ru/ru/ezines/on-line/45
On-Line,46,ONLINE46.ZIP,https://zxpress.ru/files/ONLINE46.ZIP,https://zxpress.ru/ru/ezines/on-line/46
On-Line,47,ONLINE47.ZIP,https://zxpress.ru/files/ONLINE47.ZIP,https://zxpress.ru/ru/ezines/on-line/47
On-Line,48,ONLINE48.ZIP,https://zxpress.ru/files/ONLINE48.ZIP,https://zxpress.ru/ru/ezines/on-line/48
On-Line,49,ONLINE49.ZIP,https://zxpress.ru/files/ONLINE49.ZIP,https://zxpress.ru/ru/ezines/on-line/49
On-Line,50,ONLINE50.ZIP,https://zxpress.ru/files/ONLINE50.ZIP,https://zxpress.ru/ru/ezines/on-line/50
On-Line,51,ONLINE51.ZIP,https://zxpress.ru/files/ONLINE51.ZIP,https://zxpress.ru/ru/ezines/on-line/51
On-Line,52,ONLINE52.ZIP,https://zxpress.ru/files/ONLINE52.ZIP,https://zxpress.ru/ru/ezines/on-line/52
On-Line,53,ONLINE53.ZIP,https://zxpress.ru/files/ONLINE53.ZIP,https://zxpress.ru/ru/ezines/on-line/53
On-Line,54,ONLINE54.ZIP,https://zxpress.ru/files/ONLINE54.ZIP,https://zxpress.ru/ru/ezines/on-line/54
On-Line,55,ONLINE55.ZIP,https://zxpress.ru/files/ONLINE55.ZIP,https://zxpress.ru/ru/ezines/on-line/55
On-Line,56,ONLINE56.ZIP,https://zxpress.ru/files/ONLINE56.ZIP,https://zxpress.ru/ru/ezines/on-line/56
On-Line,57,ONLINE57.ZIP,https://zxpress.ru/files/ONLINE57.ZIP,https://zxpress.ru/ru/ezines/on-line/57
On-Line,58,ONLINE58.ZIP,https://zxpress.ru/files/ONLINE58.ZIP,https://zxpress.ru/ru/ezines/on-line/58
On-Line,59,ONLINE59.ZIP,https://zxpress.ru/files/ONLINE59.ZIP,https://zxpress.ru/ru/ezines/on-line/59
On-Line,60,ONLINE60.ZIP,https://zxpress.ru/files/ONLINE60.ZIP,https://zxpress.ru/ru/ezines/on-line/60
On-Line,61,ONLINE61.ZIP,https://zxpress.ru/files/ONLINE61.ZIP,https://zxpress.ru/ru/ezines/on-line/61
On-Line,62,ONLINE62.ZIP,https://zxpress.ru/files/ONLINE62.ZIP,https://zxpress.ru/ru/ezines/on-line/62
On-Line,63,ONLINE63.ZIP,https://zxpress.ru/files/ONLINE63.ZIP,https://zxpress.ru/ru/ezines/on-line/63
On-Line,64,ONLINE64.ZIP,https://zxpress.ru/files/ONLINE64.ZIP,https://zxpress.ru/ru/ezines/on-line/64
On-Line,65,ONLINE65.ZIP,https://zxpress.ru/files/ONLINE65.ZIP,https://zxpress.ru/ru/ezines/on-line/65
On-Line,66,ONLINE66.ZIP,https://zxpress.ru/files/ONLINE66.ZIP,https://zxpress.ru/ru/ezines/on-line/66
On-Line,67,ONLINE67.ZIP,https://zxpress.ru/files/ONLINE67.ZIP,https://zxpress.ru/ru/ezines/on-line/67
On-Line,68,ONLINE68.ZIP,https://zxpress.ru/files/ONLINE68.ZIP,https://zxpress.ru/ru/ezines/on-line/68
On-Line,69,ONLINE69.ZIP,https://zxpress.ru/files/ONLINE69.ZIP,https://zxpress.ru/ru/ezines/on-line/69
On-Line,70,ONLINE70.ZIP,https://zxpress.ru/files/ONLINE70.ZIP,https://zxpress.ru/ru/ezines/on-line/70
On-Line,71,ONLINE71.ZIP,https://zxpress.ru/files/ONLINE71.ZIP,https://zxpress.ru/ru/ezines/on-line/71
On-Line,72,ONLINE72.ZIP,https://zxpress.ru/files/ONLINE72.ZIP,https://zxpress.ru/ru/ezines/on-line/72
On-Line,73,ONLINE73.ZIP,https://zxpress.ru/files/ONLINE73.ZIP,https://zxpress.ru/ru/ezines/on-line/73
On-Line,74,ONLINE74.ZIP,https://zxpress.ru/files/ONLINE74.ZIP,https://zxpress.ru/ru/ezines/on-line/74
On-Line,75,ONLINE75.ZIP,https://zxpress.ru/files/ONLINE75.ZIP,https://zxpress.ru/ru/ezines/on-line/75
On-Line,76,ONLINE76.ZIP,https://zxpress.ru/files/ONLINE76.ZIP,https://zxpress.ru/ru/ezines/on-line/76
On-Line,77,ONLINE77.ZIP,https://zxpress.ru/files/ONLINE77.ZIP,https://zxpress.ru/ru/ezines/on-line/77
On-Line,78,ONLINE78.ZIP,https://zxpress.ru/files/ONLINE78.ZIP,https://zxpress.ru/ru/ezines/on-line/78
On-Line,79,ONLINE79.ZIP,https://zxpress.ru/files/ONLINE79.ZIP,https://zxpress.ru/ru/ezines/on-line/79
On-Line,80,ONLINE80.ZIP,https://zxpress.ru/files/ONLINE80.ZIP,https://zxpress.ru/ru/ezines/on-line/80
On-Line,81,ONLINE81.ZIP,https://zxpress.ru/files/ONLINE81.ZIP,https://zxpress.ru/ru/ezines/on-line/81
On-Line,82,ONLINE82.ZIP,https://zxpress.ru/files/ONLINE82.ZIP,https://zxpress.ru/ru/ezines/on-line/82
On-Line,83,ONLINE83.ZIP,https://zxpress.ru/files/ONLINE83.ZIP,https://zxpress.ru/ru/ezines/on-line/83
On-Line,84,ONLINE84.ZIP,https://zxpress.ru/files/ONLINE84.ZIP,https://zxpress.ru/ru/ezines/on-line/84
On-Line,85,ONLINE85.ZIP,https://zxpress.ru/files/ONLINE85.ZIP,https://zxpress.ru/ru/ezines/on-line/85
Open Letters,01,OL1.ZIP,https://zxpress.ru/files/OL1.ZIP,https://zxpress.ru/ru/ezines/open-letters/01
Open Letters,02,OL2.ZIP,https://zxpress.ru/files/OL2.ZIP,https://zxpress.ru/ru/ezines/open-letters/02
Open Letters,03,OL3.ZIP,https://zxpress.ru/files/OL3.ZIP,https://zxpress.ru/ru/ezines/open-letters/03
Open Letters,04,OL4.ZIP,https://zxpress.ru/files/OL4.ZIP,https://zxpress.ru/ru/ezines/open-letters/04
Open Letters,05,OL5.ZIP,https://zxpress.ru/files/OL5.ZIP,https://zxpress.ru/ru/ezines/open-letters/05
Open Letters,07,OL7.ZIP,https://zxpress.ru/files/OL7.ZIP,https://zxpress.ru/ru/ezines/open-letters/07
Open Letters,09,OpenLetters9.fdi,https://zxpress.ru/files/OpenLetters9.fdi,https://zxpress.ru/ru/ezines/open-letters/09
Open Letters,10,OpenLetters10.fdi,https://zxpress.ru/files/OpenLetters10.fdi,https://zxpress.ru/ru/ezines/open-letters/10
Opex,03,OREH3.ZIP,https://zxpress.ru/files/OREH3.ZIP,https://zxpress.ru/ru/ezines/opex/03
Opex,04,OREH4.ZIP,https://zxpress.ru/files/OREH4.ZIP,https://zxpress.ru/ru/ezines/opex/04
Opex,05,OREH5.ZIP,https://zxpress.ru/files/OREH5.ZIP,https://zxpress.ru/ru/ezines/opex/05
Opex,06,OREH6.ZIP,https://zxpress.ru/files/OREH6.ZIP,https://zxpress.ru/ru/ezines/opex/06
Opex,07,OREH7.ZIP,https://zxpress.ru/files/OREH7.ZIP,https://zxpress.ru/ru/ezines/opex/07
Orion,02,ORION02.ZIP,https://zxpress.ru/files/ORION02.ZIP,https://zxpress.ru/ru/ezines/orion/02
Orion,03,ORION03.ZIP,https://zxpress.ru/files/ORION03.ZIP,https://zxpress.ru/ru/ezines/orion/03
Orion,04,ORION04.ZIP,https://zxpress.ru/files/ORION04.ZIP,https://zxpress.ru/ru/ezines/orion/04
Orion,05,ORION05.ZIP,https://zxpress.ru/files/ORION05.ZIP,https://zxpress.ru/ru/ezines/orion/05
Orion,06,ORION06.ZIP,https://zxpress.ru/files/ORION06.ZIP,https://zxpress.ru/ru/ezines/orion/06
Out Side,02,OUTSIDE2.ZIP,https://zxpress.ru/files/OUTSIDE2.ZIP,https://zxpress.ru/ru/ezines/out-side/02
Out Side,03,OUTSIDE3.ZIP,https://zxpress.ru/files/OUTSIDE3.ZIP,https://zxpress.ru/ru/ezines/out-side/03
Out Side,04,OUTSIDE4.ZIP,https://zxpress.ru/files/OUTSIDE4.ZIP,https://zxpress.ru/ru/ezines/out-side/04
Out Side,05,OUTSIDE5.ZIP,https://zxpress.ru/files/OUTSIDE5.ZIP,https://zxpress.ru/ru/ezines/out-side/05
Out Side,06,OUTSIDE6.ZIP,https://zxpress.ru/files/OUTSIDE6.ZIP,https://zxpress.ru/ru/ezines/out-side/06
Out Side,07,OUTSIDE7.ZIP,https://zxpress.ru/files/OUTSIDE7.ZIP,https://zxpress.ru/ru/ezines/out-side/07
Out Side,08,OUTSIDE8.ZIP,https://zxpress.ru/files/OUTSIDE8.ZIP,https://zxpress.ru/ru/ezines/out-side/08
Out Side,09,OUTSIDE9.ZIP,https://zxpress.ru/files/OUTSIDE9.ZIP,https://zxpress.ru/ru/ezines/out-side/09
Out Side,10,OUTSID10.ZIP,https://zxpress.ru/files/OUTSID10.ZIP,https://zxpress.ru/ru/ezines/out-side/10
Out Side,11,OUTSID11.ZIP,https://zxpress.ru/files/OUTSID11.ZIP,https://zxpress.ru/ru/ezines/out-side/11
Out Side,12,OUTSID12.ZIP,https://zxpress.ru/files/OUTSID12.ZIP,https://zxpress.ru/ru/ezines/out-side/12
Out Side,13,OUTSID13.ZIP,https://zxpress.ru/files/OUTSID13.ZIP,https://zxpress.ru/ru/ezines/out-side/13
Out Side,14,OUTSID14.ZIP,https://zxpress.ru/files/OUTSID14.ZIP,https://zxpress.ru/ru/ezines/out-side/14
Outlet,005,OutletIssue005.mgt.zip,https://zxpress.ru/files/OutletIssue005.mgt.zip,https://zxpress.ru/ru/ezines/outlet/005
Outlet,006,OutletIssue006.mgt.zip,https://zxpress.ru/files/OutletIssue006.mgt.zip,https://zxpress.ru/ru/ezines/outlet/006
Outlet,007,OutletIssue007.mgt.zip,https://zxpress.ru/files/OutletIssue007.mgt.zip,https://zxpress.ru/ru/ezines/outlet/007
Outlet,008,OutletIssue008.mgt.zip,https://zxpress.ru/files/OutletIssue008.mgt.zip,https://zxpress.ru/ru/ezines/outlet/008
Outlet,009,OutletIssue009.mgt.zip,https://zxpress.ru/files/OutletIssue009.mgt.zip,https://zxpress.ru/ru/ezines/outlet/009
Outlet,010,OutletIssue010.mgt.zip,https://zxpress.ru/files/OutletIssue010.mgt.zip,https://zxpress.ru/ru/ezines/outlet/010
Outlet,011,OutletIssue011.mgt.zip,https://zxpress.ru/files/OutletIssue011.mgt.zip,https://zxpress.ru/ru/ezines/outlet/011
Outlet,012,OutletIssue012.mgt.zip,https://zxpress.ru/files/OutletIssue012.mgt.zip,https://zxpress.ru/ru/ezines/outlet/012
Outlet,013,OutletIssue013.mgt.zip,https://zxpress.ru/files/OutletIssue013.mgt.zip,https://zxpress.ru/ru/ezines/outlet/013
Outlet,014,OutletIssue014.mgt.zip,https://zxpress.ru/files/OutletIssue014.mgt.zip,https://zxpress.ru/ru/ezines/outlet/014
Outlet,015,OutletIssue015.mgt.zip,https://zxpress.ru/files/OutletIssue015.mgt.zip,https://zxpress.ru/ru/ezines/outlet/015
Outlet,016,OutletIssue016.mgt.zip,https://zxpress.ru/files/OutletIssue016.mgt.zip,https://zxpress.ru/ru/ezines/outlet/016
Outlet,017,OutletIssue017.mgt.zip,https://zxpress.ru/files/OutletIssue017.mgt.zip,https://zxpress.ru/ru/ezines/outlet/017
Outlet,018,OutletIssue018.mgt.zip,https://zxpress.ru/files/OutletIssue018.mgt.zip,https://zxpress.ru/ru/ezines/outlet/018
Outlet,019,OutletIssue019.mgt.zip,https://zxpress.ru/files/OutletIssue019.mgt.zip,https://zxpress.ru/ru/ezines/outlet/019
Outlet,020,OutletIssue020.mgt.zip,https://zxpress.ru/files/OutletIssue020.mgt.zip,https://zxpress.ru/ru/ezines/outlet/020
Outlet,021,OutletIssue021.mgt.zip,https://zxpress.ru/files/OutletIssue021.mgt.zip,https://zxpress.ru/ru/ezines/outlet/021
Outlet,022,OutletIssue022.mgt.zip,https://zxpress.ru/files/OutletIssue022.mgt.zip,https://zxpress.ru/ru/ezines/outlet/022
Outlet,023,OutletIssue023.mgt.zip,https://zxpress.ru/files/OutletIssue023.mgt.zip,https://zxpress.ru/ru/ezines/outlet/023
Paradox,00 (pack),PRDX00.ZIP,https://zxpress.ru/files/PRDX00.ZIP,https://zxpress.ru/ru/ezines/paradox/00-pack
Plutonium,01,PLUT01.ZIP,https://zxpress.ru/files/PLUT01.ZIP,https://zxpress.ru/ru/ezines/plutonium/01
Plutonium,02,PLUT02.ZIP,https://zxpress.ru/files/PLUT02.ZIP,https://zxpress.ru/ru/ezines/plutonium/02
Plutonium,03,PLUT03.ZIP,https://zxpress.ru/files/PLUT03.ZIP,https://zxpress.ru/ru/ezines/plutonium/03
Plutonium,05,PLUT05.ZIP,https://zxpress.ru/files/PLUT05.ZIP,https://zxpress.ru/ru/ezines/plutonium/05
Plutonium,06,PLUT06.ZIP,https://zxpress.ru/files/PLUT06.ZIP,https://zxpress.ru/ru/ezines/plutonium/06
Plutonium,07,PLUT07.ZIP,https://zxpress.ru/files/PLUT07.ZIP,https://zxpress.ru/ru/ezines/plutonium/07
Plutonium,08,PLUT08.ZIP,https://zxpress.ru/files/PLUT08.ZIP,https://zxpress.ru/ru/ezines/plutonium/08
Plutonium,09,PLUT09.ZIP,https://zxpress.ru/files/PLUT09.ZIP,https://zxpress.ru/ru/ezines/plutonium/09
Plutonium,10,PLUT10.ZIP,https://zxpress.ru/files/PLUT10.ZIP,https://zxpress.ru/ru/ezines/plutonium/10
Plutonium,10.5,PLUT105.ZIP,https://zxpress.ru/files/PLUT105.ZIP,https://zxpress.ru/ru/ezines/plutonium/10-5
Plutonium,2000,PLUT2000.ZIP,https://zxpress.ru/files/PLUT2000.ZIP,https://zxpress.ru/ru/ezines/plutonium/2000
Power,02,POWER02.ZIP,https://zxpress.ru/files/POWER02.ZIP,https://zxpress.ru/ru/ezines/power/02
Power,03,POWER03.ZIP,https://zxpress.ru/files/POWER03.ZIP,https://zxpress.ru/ru/ezines/power/03
Power,04,POWER04.ZIP,https://zxpress.ru/files/POWER04.ZIP,https://zxpress.ru/ru/ezines/power/04
Proton,01,PROTON01.ZIP,https://zxpress.ru/files/PROTON01.ZIP,https://zxpress.ru/ru/ezines/proton/01
Proton,02,PROTON02.ZIP,https://zxpress.ru/files/PROTON02.ZIP,https://zxpress.ru/ru/ezines/proton/02
Proton,03,PROTON03.ZIP,https://zxpress.ru/files/PROTON03.ZIP,https://zxpress.ru/ru/ezines/proton/03
Proton,04,PROTON04.ZIP,https://zxpress.ru/files/PROTON04.ZIP,https://zxpress.ru/ru/ezines/proton/04
Proton,05,PROTON05.ZIP,https://zxpress.ru/files/PROTON05.ZIP,https://zxpress.ru/ru/ezines/proton/05
Proton,06,PROTON06.ZIP,https://zxpress.ru/files/PROTON06.ZIP,https://zxpress.ru/ru/ezines/proton/06
Proton,07,PROTON07.ZIP,https://zxpress.ru/files/PROTON07.ZIP,https://zxpress.ru/ru/ezines/proton/07
Proton,08,PROTON08.ZIP,https://zxpress.ru/files/PROTON08.ZIP,https://zxpress.ru/ru/ezines/proton/08
Proton,09,PROTON09.ZIP,https://zxpress.ru/files/PROTON09.ZIP,https://zxpress.ru/ru/ezines/proton/09
Proton,10,PROTON10.ZIP,https://zxpress.ru/files/PROTON10.ZIP,https://zxpress.ru/ru/ezines/proton/10
Proton,11,PROTON11.ZIP,https://zxpress.ru/files/PROTON11.ZIP,https://zxpress.ru/ru/ezines/proton/11
Proton,12,PROTON12.ZIP,https://zxpress.ru/files/PROTON12.ZIP,https://zxpress.ru/ru/ezines/proton/12
Proton,13,PROTON13.ZIP,https://zxpress.ru/files/PROTON13.ZIP,https://zxpress.ru/ru/ezines/proton/13
Proton,14,PROTON14.ZIP,https://zxpress.ru/files/PROTON14.ZIP,https://zxpress.ru/ru/ezines/proton/14
Proton,15,PROTON15.ZIP,https://zxpress.ru/files/PROTON15.ZIP,https://zxpress.ru/ru/ezines/proton/15
Proton,16,PROTON16.ZIP,https://zxpress.ru/files/PROTON16.ZIP,https://zxpress.ru/ru/ezines/proton/16
Proton,17,PROTON17.ZIP,https://zxpress.ru/files/PROTON17.ZIP,https://zxpress.ru/ru/ezines/proton/17
Proton,18,PROTON18.ZIP,https://zxpress.ru/files/PROTON18.ZIP,https://zxpress.ru/ru/ezines/proton/18
Proton,19,PROTON19.ZIP,https://zxpress.ru/files/PROTON19.ZIP,https://zxpress.ru/ru/ezines/proton/19
Proton,20,PROTON20.ZIP,https://zxpress.ru/files/PROTON20.ZIP,https://zxpress.ru/ru/ezines/proton/20
Proton,21,PROTON21.ZIP,https://zxpress.ru/files/PROTON21.ZIP,https://zxpress.ru/ru/ezines/proton/21
Proton,22,PROTON22.ZIP,https://zxpress.ru/files/PROTON22.ZIP,https://zxpress.ru/ru/ezines/proton/22
Proton,23,PROTON23.ZIP,https://zxpress.ru/files/PROTON23.ZIP,https://zxpress.ru/ru/ezines/proton/23
Proton,24,PROTON24.ZIP,https://zxpress.ru/files/PROTON24.ZIP,https://zxpress.ru/ru/ezines/proton/24
Proton,25,PROTON25.ZIP,https://zxpress.ru/files/PROTON25.ZIP,https://zxpress.ru/ru/ezines/proton/25
Proton,26,PROTON26.ZIP,https://zxpress.ru/files/PROTON26.ZIP,https://zxpress.ru/ru/ezines/proton/26
Proton,27,PROTON27.ZIP,https://zxpress.ru/files/PROTON27.ZIP,https://zxpress.ru/ru/ezines/proton/27
Proton,28,PROTON28.ZIP,https://zxpress.ru/files/PROTON28.ZIP,https://zxpress.ru/ru/ezines/proton/28
Proton,29,PROTON29.ZIP,https://zxpress.ru/files/PROTON29.ZIP,https://zxpress.ru/ru/ezines/proton/29
Proton,30,PROTON30.ZIP,https://zxpress.ru/files/PROTON30.ZIP,https://zxpress.ru/ru/ezines/proton/30
Proton,31,PROTON31.ZIP,https://zxpress.ru/files/PROTON31.ZIP,https://zxpress.ru/ru/ezines/proton/31
Proton,32,PROTON32.ZIP,https://zxpress.ru/files/PROTON32.ZIP,https://zxpress.ru/ru/ezines/proton/32
Proton,33,PROTON33.ZIP,https://zxpress.ru/files/PROTON33.ZIP,https://zxpress.ru/ru/ezines/proton/33
Proton,34,PROTON34.ZIP,https://zxpress.ru/files/PROTON34.ZIP,https://zxpress.ru/ru/ezines/proton/34
Proton,35,PROTON35.ZIP,https://zxpress.ru/files/PROTON35.ZIP,https://zxpress.ru/ru/ezines/proton/35
Proton,36,PROTON36.ZIP,https://zxpress.ru/files/PROTON36.ZIP,https://zxpress.ru/ru/ezines/proton/36
Proton,37,PROTON37.ZIP,https://zxpress.ru/files/PROTON37.ZIP,https://zxpress.ru/ru/ezines/proton/37
Proton,38,PROTON38.ZIP,https://zxpress.ru/files/PROTON38.ZIP,https://zxpress.ru/ru/ezines/proton/38
Proton,39,PROTON39.ZIP,https://zxpress.ru/files/PROTON39.ZIP,https://zxpress.ru/ru/ezines/proton/39
Proton,40,PROTON40.ZIP,https://zxpress.ru/files/PROTON40.ZIP,https://zxpress.ru/ru/ezines/proton/40
Proton,41,PROTON41.ZIP,https://zxpress.ru/files/PROTON41.ZIP,https://zxpress.ru/ru/ezines/proton/41
Proton,42,PROTON42.ZIP,https://zxpress.ru/files/PROTON42.ZIP,https://zxpress.ru/ru/ezines/proton/42
Proton,43,PROTON43.ZIP,https://zxpress.ru/files/PROTON43.ZIP,https://zxpress.ru/ru/ezines/proton/43
Proton,44,PROTON44.ZIP,https://zxpress.ru/files/PROTON44.ZIP,https://zxpress.ru/ru/ezines/proton/44
Proton,45,PROTON45.ZIP,https://zxpress.ru/files/PROTON45.ZIP,https://zxpress.ru/ru/ezines/proton/45
Proton,46,PROTON46.ZIP,https://zxpress.ru/files/PROTON46.ZIP,https://zxpress.ru/ru/ezines/proton/46
Psychoz,17,PSY_17.ZIP,https://zxpress.ru/files/PSY_17.ZIP,https://zxpress.ru/ru/ezines/psychoz/17
Revival,02,REVIVAL2.ZIP,https://zxpress.ru/files/REVIVAL2.ZIP,https://zxpress.ru/ru/ezines/revival/02
Revival,03,REVIVAL3.ZIP,https://zxpress.ru/files/REVIVAL3.ZIP,https://zxpress.ru/ru/ezines/revival/03
RIP,01,RIP01.ZIP,https://zxpress.ru/files/RIP01.ZIP,https://zxpress.ru/ru/ezines/rip/01
RIP,02,RIP02.ZIP,https://zxpress.ru/files/RIP02.ZIP,https://zxpress.ru/ru/ezines/rip/02
RIP,03,RIP03.ZIP,https://zxpress.ru/files/RIP03.ZIP,https://zxpress.ru/ru/ezines/rip/03
RIP,04,RIP04.ZIP,https://zxpress.ru/files/RIP04.ZIP,https://zxpress.ru/ru/ezines/rip/04
RIP,05,RIP05.ZIP,https://zxpress.ru/files/RIP05.ZIP,https://zxpress.ru/ru/ezines/rip/05
RIP,07,RIP07.ZIP,https://zxpress.ru/files/RIP07.ZIP,https://zxpress.ru/ru/ezines/rip/07
RIP,08,RIP08.ZIP,https://zxpress.ru/files/RIP08.ZIP,https://zxpress.ru/ru/ezines/rip/08
RIP,09,RIP09.ZIP,https://zxpress.ru/files/RIP09.ZIP,https://zxpress.ru/ru/ezines/rip/09
RUSH,02,RUSH02.ZIP,https://zxpress.ru/files/RUSH02.ZIP,https://zxpress.ru/ru/ezines/rush/02
Scene News,01,SCENEWS01.ZIP,https://zxpress.ru/files/SCENEWS01.ZIP,https://zxpress.ru/ru/ezines/scene-news/01
Scene+,01,S+01.zip,https://zxpress.ru/files/S%2B01.zip,https://zxpress.ru/ru/ezines/scene/01
Scene+,02,SCENE002.zip,https://zxpress.ru/files/SCENE002.zip,https://zxpress.ru/ru/ezines/scene/02
Scene+,03,Scene+3.zip,https://zxpress.ru/files/Scene%2B3.zip,https://zxpress.ru/ru/ezines/scene/03
Scene+,04,S+4.zip,https://zxpress.ru/files/S%2B4.zip,https://zxpress.ru/ru/ezines/scene/04
Scene+,05,S+5.zip,https://zxpress.ru/files/S%2B5.zip,https://zxpress.ru/ru/ezines/scene/05
Scene+,06,S+6.zip,https://zxpress.ru/files/S%2B6.zip,https://zxpress.ru/ru/ezines/scene/06
Scene+,07,S+7.zip,https://zxpress.ru/files/S%2B7.zip,https://zxpress.ru/ru/ezines/scene/07
Scene+,08,S+8.zip,https://zxpress.ru/files/S%2B8.zip,https://zxpress.ru/ru/ezines/scene/08
Scene+,09,Scene+9.zip,https://zxpress.ru/files/Scene%2B9.zip,https://zxpress.ru/ru/ezines/scene/09
Scene+,10,S+10.zip,https://zxpress.ru/files/S%2B10.zip,https://zxpress.ru/ru/ezines/scene/10
Scene+,11,S+11.zip,https://zxpress.ru/files/S%2B11.zip,https://zxpress.ru/ru/ezines/scene/11
Scene+,12,S+12.zip,https://zxpress.ru/files/S%2B12.zip,https://zxpress.ru/ru/ezines/scene/12
Scene+,13,S+13.zip,https://zxpress.ru/files/S%2B13.zip,https://zxpress.ru/ru/ezines/scene/13
Scene+,14,S+14.zip,https://zxpress.ru/files/S%2B14.zip,https://zxpress.ru/ru/ezines/scene/14
Scene+,15,S+15.zip,https://zxpress.ru/files/S%2B15.zip,https://zxpress.ru/ru/ezines/scene/15
Scene+,16,S+16.zip,https://zxpress.ru/files/S%2B16.zip,https://zxpress.ru/ru/ezines/scene/16
Scene+,17,S+17.zip,https://zxpress.ru/files/S%2B17.zip,https://zxpress.ru/ru/ezines/scene/17
Scene+,18,S+18.zip,https://zxpress.ru/files/S%2B18.zip,https://zxpress.ru/ru/ezines/scene/18
Scene+,19,S+19.zip,https://zxpress.ru/files/S%2B19.zip,https://zxpress.ru/ru/ezines/scene/19
Scene+,20,S+20.zip,https://zxpress.ru/files/S%2B20.zip,https://zxpress.ru/ru/ezines/scene/20
Scene+,21,S+21.zip,https://zxpress.ru/files/S%2B21.zip,https://zxpress.ru/ru/ezines/scene/21
Scene+,22,S+22.zip,https://zxpress.ru/files/S%2B22.zip,https://zxpress.ru/ru/ezines/scene/22
Scene+,23,S+23.zip,https://zxpress.ru/files/S%2B23.zip,https://zxpress.ru/ru/ezines/scene/23
Scene+,24,S+24.zip,https://zxpress.ru/files/S%2B24.zip,https://zxpress.ru/ru/ezines/scene/24
Scene+,25,S+25.zip,https://zxpress.ru/files/S%2B25.zip,https://zxpress.ru/ru/ezines/scene/25
Scene+,26,S+26.zip,https://zxpress.ru/files/S%2B26.zip,https://zxpress.ru/ru/ezines/scene/26
Scene+,27,S+27.zip,https://zxpress.ru/files/S%2B27.zip,https://zxpress.ru/ru/ezines/scene/27
Scene+,28,S+28.zip,https://zxpress.ru/files/S%2B28.zip,https://zxpress.ru/ru/ezines/scene/28
Scene+,29,S+29.zip,https://zxpress.ru/files/S%2B29.zip,https://zxpress.ru/ru/ezines/scene/29
Scene+,30,S+30.zip,https://zxpress.ru/files/S%2B30.zip,https://zxpress.ru/ru/ezines/scene/30
Scene+,31,S+31.zip,https://zxpress.ru/files/S%2B31.zip,https://zxpress.ru/ru/ezines/scene/31
Scene+,32,S+32.zip,https://zxpress.ru/files/S%2B32.zip,https://zxpress.ru/ru/ezines/scene/32
Scene+,33,S+33.zip,https://zxpress.ru/files/S%2B33.zip,https://zxpress.ru/ru/ezines/scene/33
Scene+,34,S+34.zip,https://zxpress.ru/files/S%2B34.zip,https://zxpress.ru/ru/ezines/scene/34
Scene+,35,S+35.zip,https://zxpress.ru/files/S%2B35.zip,https://zxpress.ru/ru/ezines/scene/35
Scene+,36,S+36.zip,https://zxpress.ru/files/S%2B36.zip,https://zxpress.ru/ru/ezines/scene/36
Scenergy,FA,FA.ZIP,https://zxpress.ru/files/FA.ZIP,https://zxpress.ru/ru/ezines/scenergy/fa
Scroller,02,SCROLL2.ZIP,https://zxpress.ru/files/SCROLL2.ZIP,https://zxpress.ru/ru/ezines/scroller/02
Sinclair Classic,10,SCLASS10.ZIP,https://zxpress.ru/files/SCLASS10.ZIP,https://zxpress.ru/ru/ezines/sinclair-classic/10
Sinclair News,02,S_NEWS2.ZIP,https://zxpress.ru/files/S_NEWS2.ZIP,https://zxpress.ru/ru/ezines/sinclair-news/02
Sinclair News,03,S_NEWS3.ZIP,https://zxpress.ru/files/S_NEWS3.ZIP,https://zxpress.ru/ru/ezines/sinclair-news/03
Sky Net,02,SKY_2.ZIP,https://zxpress.ru/files/SKY_2.ZIP,https://zxpress.ru/ru/ezines/sky-net/02
Sky Net,03,SKY_3.ZIP,https://zxpress.ru/files/SKY_3.ZIP,https://zxpress.ru/ru/ezines/sky-net/03
SPb ZX Week,01,zxweek1.zip,https://zxpress.ru/files/zxweek1.zip,https://zxpress.ru/ru/ezines/spb-zx-week/01
Spite,02,SPITE_02.ZIP,https://zxpress.ru/files/SPITE_02.ZIP,https://zxpress.ru/ru/ezines/spite/02
Spite,03,SPITE_03.ZIP,https://zxpress.ru/files/SPITE_03.ZIP,https://zxpress.ru/ru/ezines/spite/03
Subliminal Extacy,00,SE00.ZIP,https://zxpress.ru/files/SE00.ZIP,https://zxpress.ru/ru/ezines/subliminal-extacy/00
Subliminal Extacy,01,SE01MAF.ZIP,https://zxpress.ru/files/SE01MAF.ZIP,https://zxpress.ru/ru/ezines/subliminal-extacy/01
Tagan News,06,TAGN06.ZIP,https://zxpress.ru/files/TAGN06.ZIP,https://zxpress.ru/ru/ezines/tagan-news/06
Tagan News,07,TAGN07.ZIP,https://zxpress.ru/files/TAGN07.ZIP,https://zxpress.ru/ru/ezines/tagan-news/07
Tagan News,08,TAGN08.ZIP,https://zxpress.ru/files/TAGN08.ZIP,https://zxpress.ru/ru/ezines/tagan-news/08
TargeT,Bonus,TARGET_B.ZIP,https://zxpress.ru/files/TARGET_B.ZIP,https://zxpress.ru/ru/ezines/target/bonus
Teleshow,02,TELESHO2.ZIP,https://zxpress.ru/files/TELESHO2.ZIP,https://zxpress.ru/ru/ezines/teleshow/02
Teleshow,03,TELESHO3.ZIP,https://zxpress.ru/files/TELESHO3.ZIP,https://zxpress.ru/ru/ezines/teleshow/03
Teleshow,04,TELESHO4.ZIP,https://zxpress.ru/files/TELESHO4.ZIP,https://zxpress.ru/ru/ezines/teleshow/04
Teleshow,05,TELESHO5.ZIP,https://zxpress.ru/files/TELESHO5.ZIP,https://zxpress.ru/ru/ezines/teleshow/05
Terminal,03,TERMNL03.ZIP,https://zxpress.ru/files/TERMNL03.ZIP,https://zxpress.ru/ru/ezines/terminal/03
Think,02,THINK02.ZIP,https://zxpress.ru/files/THINK02.ZIP,https://zxpress.ru/ru/ezines/think/02
Think,03,THINK03.ZIP,https://zxpress.ru/files/THINK03.ZIP,https://zxpress.ru/ru/ezines/think/03
Think,04,THINK04.ZIP,https://zxpress.ru/files/THINK04.ZIP,https://zxpress.ru/ru/ezines/think/04
Think,05,THINK05.ZIP,https://zxpress.ru/files/THINK05.ZIP,https://zxpress.ru/ru/ezines/think/05
Think,06,THINK06.ZIP,https://zxpress.ru/files/THINK06.ZIP,https://zxpress.ru/ru/ezines/think/06
Think,07,THINK07.ZIP,https://zxpress.ru/files/THINK07.ZIP,https://zxpress.ru/ru/ezines/think/07
Think,08,THINK08.ZIP,https://zxpress.ru/files/THINK08.ZIP,https://zxpress.ru/ru/ezines/think/08
Think,09,THINK09.ZIP,https://zxpress.ru/files/THINK09.ZIP,https://zxpress.ru/ru/ezines/think/09
Think,10,THINK10.ZIP,https://zxpress.ru/files/THINK10.ZIP,https://zxpress.ru/ru/ezines/think/10
Think,11,THINK11.ZIP,https://zxpress.ru/files/THINK11.ZIP,https://zxpress.ru/ru/ezines/think/11
Think,12,THINK12.ZIP,https://zxpress.ru/files/THINK12.ZIP,https://zxpress.ru/ru/ezines/think/12
Think,13,THINK13.ZIP,https://zxpress.ru/files/THINK13.ZIP,https://zxpress.ru/ru/ezines/think/13
Think,14,THINK14.ZIP,https://zxpress.ru/files/THINK14.ZIP,https://zxpress.ru/ru/ezines/think/14
Think,15,THINK15.ZIP,https://zxpress.ru/files/THINK15.ZIP,https://zxpress.ru/ru/ezines/think/15
Think,16,THINK16.ZIP,https://zxpress.ru/files/THINK16.ZIP,https://zxpress.ru/ru/ezines/think/16
Think,17,THINK17.ZIP,https://zxpress.ru/files/THINK17.ZIP,https://zxpress.ru/ru/ezines/think/17
Think,18,THINK18.ZIP,https://zxpress.ru/files/THINK18.ZIP,https://zxpress.ru/ru/ezines/think/18
Think,19,THINK19.ZIP,https://zxpress.ru/files/THINK19.ZIP,https://zxpress.ru/ru/ezines/think/19
Think,20,THINK20.ZIP,https://zxpress.ru/files/THINK20.ZIP,https://zxpress.ru/ru/ezines/think/20
Think,21,THINK21.ZIP,https://zxpress.ru/files/THINK21.ZIP,https://zxpress.ru/ru/ezines/think/21
Think,22,THINK22.ZIP,https://zxpress.ru/files/THINK22.ZIP,https://zxpress.ru/ru/ezines/think/22
Think,23,THINK23.ZIP,https://zxpress.ru/files/THINK23.ZIP,https://zxpress.ru/ru/ezines/think/23
Think,24,THINK24.ZIP,https://zxpress.ru/files/THINK24.ZIP,https://zxpress.ru/ru/ezines/think/24
Think,25,THINK25.ZIP,https://zxpress.ru/files/THINK25.ZIP,https://zxpress.ru/ru/ezines/think/25
Think,26,THINK26.ZIP,https://zxpress.ru/files/THINK26.ZIP,https://zxpress.ru/ru/ezines/think/26
Think,27,THINK27.ZIP,https://zxpress.ru/files/THINK27.ZIP,https://zxpress.ru/ru/ezines/think/27
Think,28,THINK28.ZIP,https://zxpress.ru/files/THINK28.ZIP,https://zxpress.ru/ru/ezines/think/28
Think,29,THINK29.ZIP,https://zxpress.ru/files/THINK29.ZIP,https://zxpress.ru/ru/ezines/think/29
Think,30,THINK30.ZIP,https://zxpress.ru/files/THINK30.ZIP,https://zxpress.ru/ru/ezines/think/30
Think,31,THINK31.ZIP,https://zxpress.ru/files/THINK31.ZIP,https://zxpress.ru/ru/ezines/think/31
Think,32,THINK32.ZIP,https://zxpress.ru/files/THINK32.ZIP,https://zxpress.ru/ru/ezines/think/32
Think,33,THINK33.ZIP,https://zxpress.ru/files/THINK33.ZIP,https://zxpress.ru/ru/ezines/think/33
Think,34,THINK34.ZIP,https://zxpress.ru/files/THINK34.ZIP,https://zxpress.ru/ru/ezines/think/34
Think,35,THINK35.ZIP,https://zxpress.ru/files/THINK35.ZIP,https://zxpress.ru/ru/ezines/think/35
Think,36,THINK36.ZIP,https://zxpress.ru/files/THINK36.ZIP,https://zxpress.ru/ru/ezines/think/36
Think,37,THINK37.ZIP,https://zxpress.ru/files/THINK37.ZIP,https://zxpress.ru/ru/ezines/think/37
Think,38,THINK38.ZIP,https://zxpress.ru/files/THINK38.ZIP,https://zxpress.ru/ru/ezines/think/38
Think,39,THINK39.ZIP,https://zxpress.ru/files/THINK39.ZIP,https://zxpress.ru/ru/ezines/think/39
Think,40,THINK40.ZIP,https://zxpress.ru/files/THINK40.ZIP,https://zxpress.ru/ru/ezines/think/40
Think,41,THINK41.ZIP,https://zxpress.ru/files/THINK41.ZIP,https://zxpress.ru/ru/ezines/think/41
Think,42,THINK42.ZIP,https://zxpress.ru/files/THINK42.ZIP,https://zxpress.ru/ru/ezines/think/42
Think,43,THINK43.ZIP,https://zxpress.ru/files/THINK43.ZIP,https://zxpress.ru/ru/ezines/think/43
Think,44,THINK44.ZIP,https://zxpress.ru/files/THINK44.ZIP,https://zxpress.ru/ru/ezines/think/44
Think,45,THINK45.ZIP,https://zxpress.ru/files/THINK45.ZIP,https://zxpress.ru/ru/ezines/think/45
Think,46,THINK46.ZIP,https://zxpress.ru/files/THINK46.ZIP,https://zxpress.ru/ru/ezines/think/46
Think,47,THINK47.ZIP,https://zxpress.ru/files/THINK47.ZIP,https://zxpress.ru/ru/ezines/think/47
Think,29.5,THINK295.ZIP,https://zxpress.ru/files/THINK295.ZIP,https://zxpress.ru/ru/ezines/think/29-5
Time,01,TIME01.ZIP,https://zxpress.ru/files/TIME01.ZIP,https://zxpress.ru/ru/ezines/time/01
Time,05,TIME05.zip,https://zxpress.ru/files/TIME05.zip,https://zxpress.ru/ru/ezines/time/05
Time,06,TIME06.zip,https://zxpress.ru/files/TIME06.zip,https://zxpress.ru/ru/ezines/time/06
Time,07,TIME07.zip,https://zxpress.ru/files/TIME07.zip,https://zxpress.ru/ru/ezines/time/07
Time,13,TIME13.ZIP,https://zxpress.ru/files/TIME13.ZIP,https://zxpress.ru/ru/ezines/time/13
Time,15,TIME15.ZIP,https://zxpress.ru/files/TIME15.ZIP,https://zxpress.ru/ru/ezines/time/15
Time,16,TIME16.ZIP,https://zxpress.ru/files/TIME16.ZIP,https://zxpress.ru/ru/ezines/time/16
Time,20,TIME20.ZIP,https://zxpress.ru/files/TIME20.ZIP,https://zxpress.ru/ru/ezines/time/20
Time,21,TIME21.ZIP,https://zxpress.ru/files/TIME21.ZIP,https://zxpress.ru/ru/ezines/time/21
Time,24,TIME24.ZIP,https://zxpress.ru/files/TIME24.ZIP,https://zxpress.ru/ru/ezines/time/24
Times,02,TIMES02.ZIP,https://zxpress.ru/files/TIMES02.ZIP,https://zxpress.ru/ru/ezines/times/02
Times,03,TIMES03.ZIP,https://zxpress.ru/files/TIMES03.ZIP,https://zxpress.ru/ru/ezines/times/03
Times,04,TIMES04.ZIP,https://zxpress.ru/files/TIMES04.ZIP,https://zxpress.ru/ru/ezines/times/04
Times,05,TIMES05.ZIP,https://zxpress.ru/files/TIMES05.ZIP,https://zxpress.ru/ru/ezines/times/05
Totoro,02,TOTORO2.ZIP,https://zxpress.ru/files/TOTORO2.ZIP,https://zxpress.ru/ru/ezines/totoro/02
Tusovka,02,TUSOVKA2.ZIP,https://zxpress.ru/files/TUSOVKA2.ZIP,https://zxpress.ru/ru/ezines/tusovka/02
Tusovka,03,TUSOVKA3.ZIP,https://zxpress.ru/files/TUSOVKA3.ZIP,https://zxpress.ru/ru/ezines/tusovka/03
Tusovka,04,TUSOVKA4.ZIP,https://zxpress.ru/files/TUSOVKA4.ZIP,https://zxpress.ru/ru/ezines/tusovka/04
Tusovka,05,TUSOVKA5.ZIP,https://zxpress.ru/files/TUSOVKA5.ZIP,https://zxpress.ru/ru/ezines/tusovka/05
Tusovka,1010,TUS_1010.ZIP,https://zxpress.ru/files/TUS_1010.ZIP,https://zxpress.ru/ru/ezines/tusovka-2/1010
Tusovka,1508,TUS_1508.ZIP,https://zxpress.ru/files/TUS_1508.ZIP,https://zxpress.ru/ru/ezines/tusovka-2/1508
Tusovka,1710,TUS_1710.ZIP,https://zxpress.ru/files/TUS_1710.ZIP,https://zxpress.ru/ru/ezines/tusovka-2/1710
Ufo,02,UFO_2.ZIP,https://zxpress.ru/files/UFO_2.ZIP,https://zxpress.ru/ru/ezines/ufo/02
Ufo,03,UFO_3.ZIP,https://zxpress.ru/files/UFO_3.ZIP,https://zxpress.ru/ru/ezines/ufo/03
Virtual World,02,WORLD02.ZIP,https://zxpress.ru/files/WORLD02.ZIP,https://zxpress.ru/ru/ezines/virtual-world/02
Virtual World,03,WORLD03.ZIP,https://zxpress.ru/files/WORLD03.ZIP,https://zxpress.ru/ru/ezines/virtual-world/03
Virtual World,04,WORLD04.ZIP,https://zxpress.ru/files/WORLD04.ZIP,https://zxpress.ru/ru/ezines/virtual-world/04
Virtual World,05,WORLD05.ZIP,https://zxpress.ru/files/WORLD05.ZIP,https://zxpress.ru/ru/ezines/virtual-world/05
Virtual World,06,WORLD06.ZIP,https://zxpress.ru/files/WORLD06.ZIP,https://zxpress.ru/ru/ezines/virtual-world/06
Virtual World,07,WORLD07.ZIP,https://zxpress.ru/files/WORLD07.ZIP,https://zxpress.ru/ru/ezines/virtual-world/07
Virtual World,08,WORLD08.ZIP,https://zxpress.ru/files/WORLD08.ZIP,https://zxpress.ru/ru/ezines/virtual-world/08
Virtual World,09,WORLD09.ZIP,https://zxpress.ru/files/WORLD09.ZIP,https://zxpress.ru/ru/ezines/virtual-world/09
Virtual World,10,WORLD10.ZIP,https://zxpress.ru/files/WORLD10.ZIP,https://zxpress.ru/ru/ezines/virtual-world/10
Virtual World,11,WORLD11.ZIP,https://zxpress.ru/files/WORLD11.ZIP,https://zxpress.ru/ru/ezines/virtual-world/11
Virtual World,12,WORLD12.ZIP,https://zxpress.ru/files/WORLD12.ZIP,https://zxpress.ru/ru/ezines/virtual-world/12
Virtual World,14,WORLD14.ZIP,https://zxpress.ru/files/WORLD14.ZIP,https://zxpress.ru/ru/ezines/virtual-world/14
Wallpaper,02,WP02.ZIP,https://zxpress.ru/files/WP02.ZIP,https://zxpress.ru/ru/ezines/wallpaper/02
Wallpaper,03,WP03.ZIP,https://zxpress.ru/files/WP03.ZIP,https://zxpress.ru/ru/ezines/wallpaper/03
Wallpaper,04,WP04.ZIP,https://zxpress.ru/files/WP04.ZIP,https://zxpress.ru/ru/ezines/wallpaper/04
Warez,01,WAREZ01.ZIP,https://zxpress.ru/files/WAREZ01.ZIP,https://zxpress.ru/ru/ezines/warez/01
Warez,02,WAREZ02.ZIP,https://zxpress.ru/files/WAREZ02.ZIP,https://zxpress.ru/ru/ezines/warez/02
Warez,03,WAREZ03.ZIP,https://zxpress.ru/files/WAREZ03.ZIP,https://zxpress.ru/ru/ezines/warez/03
WeekEnd,03,WEEKEND3.ZIP,https://zxpress.ru/files/WEEKEND3.ZIP,https://zxpress.ru/ru/ezines/weekend/03
X-Magazine,14,XMAG14.ZIP,https://zxpress.ru/files/XMAG14.ZIP,https://zxpress.ru/ru/ezines/x-magazine/14
X-Magazine,16,XMAG16.ZIP,https://zxpress.ru/files/XMAG16.ZIP,https://zxpress.ru/ru/ezines/x-magazine/16
X-Magazine,20,X-MAG20.zip,https://zxpress.ru/files/X-MAG20.zip,https://zxpress.ru/ru/ezines/x-magazine/20
Zodiac,02,ZODIAC02.ZIP,https://zxpress.ru/files/ZODIAC02.ZIP,https://zxpress.ru/ru/ezines/zodiac/02
ZX City,09,ZXCITY09.ZIP,https://zxpress.ru/files/ZXCITY09.ZIP,https://zxpress.ru/ru/ezines/zx-city/09
ZX Club,03,ZXCLUB03.ZIP,https://zxpress.ru/files/ZXCLUB03.ZIP,https://zxpress.ru/ru/ezines/zx-club/03
ZX Digest,02,ZX-DIG2.ZIP,https://zxpress.ru/files/ZX-DIG2.ZIP,https://zxpress.ru/ru/ezines/zx-digest/02
ZX Element,02,ZX-ELEM2.ZIP,https://zxpress.ru/files/ZX-ELEM2.ZIP,https://zxpress.ru/ru/ezines/zx-element/02
ZX Ferrum,02,ZXFER02.ZIP,https://zxpress.ru/files/ZXFER02.ZIP,https://zxpress.ru/ru/ezines/zx-ferrum/02
ZX Guide,2.5 Trash,ZG_TRASH.ZIP,https://zxpress.ru/files/ZG_TRASH.ZIP,https://zxpress.ru/ru/ezines/zx-guide/2-5-trash
ZX Hard,00,ZXHARD00.ZIP,https://zxpress.ru/files/ZXHARD00.ZIP,https://zxpress.ru/ru/ezines/zx-hard/00
ZX Jump,03,ZXJUMP03.ZIP,https://zxpress.ru/files/ZXJUMP03.ZIP,https://zxpress.ru/ru/ezines/zx-jump/03
ZX Jump,04,ZXJUMP04.ZIP,https://zxpress.ru/files/ZXJUMP04.ZIP,https://zxpress.ru/ru/ezines/zx-jump/04
ZX Light,02,ZX-LIG02.ZIP,https://zxpress.ru/files/ZX-LIG02.ZIP,https://zxpress.ru/ru/ezines/zx-light/02
ZX Light,03,ZX-LIG03.ZIP,https://zxpress.ru/files/ZX-LIG03.ZIP,https://zxpress.ru/ru/ezines/zx-light/03
ZX Light,06,ZX-LIG06.ZIP,https://zxpress.ru/files/ZX-LIG06.ZIP,https://zxpress.ru/ru/ezines/zx-light/06
ZX Light,07,ZX-LIG07.ZIP,https://zxpress.ru/files/ZX-LIG07.ZIP,https://zxpress.ru/ru/ezines/zx-light/07
ZX Light,08,ZX-LIG08.ZIP,https://zxpress.ru/files/ZX-LIG08.ZIP,https://zxpress.ru/ru/ezines/zx-light/08
ZX Light,9.5,ZX-LIG95.ZIP,https://zxpress.ru/files/ZX-LIG95.ZIP,https://zxpress.ru/ru/ezines/zx-light/9-5
ZX Live,03,ZXLIVE3.ZIP,https://zxpress.ru/files/ZXLIVE3.ZIP,https://zxpress.ru/ru/ezines/zx-live/03
ZX Magazine,02,ZX-MAG2.ZIP,https://zxpress.ru/files/ZX-MAG2.ZIP,https://zxpress.ru/ru/ezines/zx-magazine-2/02
ZX Park,02,ZXPARK02.ZIP,https://zxpress.ru/files/ZXPARK02.ZIP,https://zxpress.ru/ru/ezines/zx-park/02
ZX Park,03,ZXPARK03.ZIP,https://zxpress.ru/files/ZXPARK03.ZIP,https://zxpress.ru/ru/ezines/zx-park/03
ZX Park,04,ZXPARK04.ZIP,https://zxpress.ru/files/ZXPARK04.ZIP,https://zxpress.ru/ru/ezines/zx-park/04
ZX Park,05,ZXPARK05.ZIP,https://zxpress.ru/files/ZXPARK05.ZIP,https://zxpress.ru/ru/ezines/zx-park/05
ZX Park,06,ZXPARK06.ZIP,https://zxpress.ru/files/ZXPARK06.ZIP,https://zxpress.ru/ru/ezines/zx-park/06
ZX Park,07,ZXPARK07.ZIP,https://zxpress.ru/files/ZXPARK07.ZIP,https://zxpress.ru/ru/ezines/zx-park/07
ZX Park,08,ZXPARK08.ZIP,https://zxpress.ru/files/ZXPARK08.ZIP,https://zxpress.ru/ru/ezines/zx-park/08
ZX Park,09,ZXPARK09.ZIP,https://zxpress.ru/files/ZXPARK09.ZIP,https://zxpress.ru/ru/ezines/zx-park/09
ZX Park,10,ZXPARK10.ZIP,https://zxpress.ru/files/ZXPARK10.ZIP,https://zxpress.ru/ru/ezines/zx-park/10
ZX Park,11,ZXPARK11.ZIP,https://zxpress.ru/files/ZXPARK11.ZIP,https://zxpress.ru/ru/ezines/zx-park/11
ZX Park,12,ZXPARK12.ZIP,https://zxpress.ru/files/ZXPARK12.ZIP,https://zxpress.ru/ru/ezines/zx-park/12
ZX Park,13,ZXPARK13.ZIP,https://zxpress.ru/files/ZXPARK13.ZIP,https://zxpress.ru/ru/ezines/zx-park/13
ZX Park,14,ZXPARK14.ZIP,https://zxpress.ru/files/ZXPARK14.ZIP,https://zxpress.ru/ru/ezines/zx-park/14
ZX Park,15,ZXPARK15.ZIP,https://zxpress.ru/files/ZXPARK15.ZIP,https://zxpress.ru/ru/ezines/zx-park/15
ZX Park,16,ZXPARK16.ZIP,https://zxpress.ru/files/ZXPARK16.ZIP,https://zxpress.ru/ru/ezines/zx-park/16
ZX Park,11.5,ZXPARKIN.ZIP,https://zxpress.ru/files/ZXPARKIN.ZIP,https://zxpress.ru/ru/ezines/zx-park/11-5
ZX Pilot,01,PILOT_01.ZIP,https://zxpress.ru/files/PILOT_01.ZIP,https://zxpress.ru/ru/ezines/zx-pilot/01
ZX Pilot,02,PILOT_02.ZIP,https://zxpress.ru/files/PILOT_02.ZIP,https://zxpress.ru/ru/ezines/zx-pilot/02
ZX Pilot,03,PILOT_03.ZIP,https://zxpress.ru/files/PILOT_03.ZIP,https://zxpress.ru/ru/ezines/zx-pilot/03
ZX Pilot,04,PILOT_04.ZIP,https://zxpress.ru/files/PILOT_04.ZIP,https://zxpress.ru/ru/ezines/zx-pilot/04
ZX Pilot,05,PILOT_05.ZIP,https://zxpress.ru/files/PILOT_05.ZIP,https://zxpress.ru/ru/ezines/zx-pilot/05
ZX Pilot,06,PILOT_06.ZIP,https://zxpress.ru/files/PILOT_06.ZIP,https://zxpress.ru/ru/ezines/zx-pilot/06
ZX Pilot,07,PILOT_07.ZIP,https://zxpress.ru/files/PILOT_07.ZIP,https://zxpress.ru/ru/ezines/zx-pilot/07
ZX Pilot,08,PILOT_08.ZIP,https://zxpress.ru/files/PILOT_08.ZIP,https://zxpress.ru/ru/ezines/zx-pilot/08
ZX Pilot,09,PILOT_09.ZIP,https://zxpress.ru/files/PILOT_09.ZIP,https://zxpress.ru/ru/ezines/zx-pilot/09
ZX Pilot,10,PILOT_10.ZIP,https://zxpress.ru/files/PILOT_10.ZIP,https://zxpress.ru/ru/ezines/zx-pilot/10
ZX Pilot,11,PILOT_11.ZIP,https://zxpress.ru/files/PILOT_11.ZIP,https://zxpress.ru/ru/ezines/zx-pilot/11
ZX Pilot,12,PILOT_12.ZIP,https://zxpress.ru/files/PILOT_12.ZIP,https://zxpress.ru/ru/ezines/zx-pilot/12
ZX Pilot,13,PILOT_13.ZIP,https://zxpress.ru/files/PILOT_13.ZIP,https://zxpress.ru/ru/ezines/zx-pilot/13
ZX Pilot,14,PILOT_14.ZIP,https://zxpress.ru/files/PILOT_14.ZIP,https://zxpress.ru/ru/ezines/zx-pilot/14
ZX Pilot,15,PILOT_15.ZIP,https://zxpress.ru/files/PILOT_15.ZIP,https://zxpress.ru/ru/ezines/zx-pilot/15
ZX Pilot,16,PILOT_16.ZIP,https://zxpress.ru/files/PILOT_16.ZIP,https://zxpress.ru/ru/ezines/zx-pilot/16
ZX Pilot,17,PILOT_17.ZIP,https://zxpress.ru/files/PILOT_17.ZIP,https://zxpress.ru/ru/ezines/zx-pilot/17
ZX Pilot,18,PILOT_18.ZIP,https://zxpress.ru/files/PILOT_18.ZIP,https://zxpress.ru/ru/ezines/zx-pilot/18
ZX Pilot,19,PILOT_19.ZIP,https://zxpress.ru/files/PILOT_19.ZIP,https://zxpress.ru/ru/ezines/zx-pilot/19
ZX Pilot,20,PILOT_20.ZIP,https://zxpress.ru/files/PILOT_20.ZIP,https://zxpress.ru/ru/ezines/zx-pilot/20
ZX Pilot,21,PILOT_21.ZIP,https://zxpress.ru/files/PILOT_21.ZIP,https://zxpress.ru/ru/ezines/zx-pilot/21
ZX Pilot,22,PILOT_22.ZIP,https://zxpress.ru/files/PILOT_22.ZIP,https://zxpress.ru/ru/ezines/zx-pilot/22
ZX Pilot,23,PILOT_23.ZIP,https://zxpress.ru/files/PILOT_23.ZIP,https://zxpress.ru/ru/ezines/zx-pilot/23
ZX Pilot,24,PILOT_24.ZIP,https://zxpress.ru/files/PILOT_24.ZIP,https://zxpress.ru/ru/ezines/zx-pilot/24
ZX Pilot,25,PILOT_25.ZIP,https://zxpress.ru/files/PILOT_25.ZIP,https://zxpress.ru/ru/ezines/zx-pilot/25
ZX Pilot,26,PILOT_26.ZIP,https://zxpress.ru/files/PILOT_26.ZIP,https://zxpress.ru/ru/ezines/zx-pilot/26
ZX Pilot,27,PILOT_27.ZIP,https://zxpress.ru/files/PILOT_27.ZIP,https://zxpress.ru/ru/ezines/zx-pilot/27
ZX Pilot,28,PILOT_28.ZIP,https://zxpress.ru/files/PILOT_28.ZIP,https://zxpress.ru/ru/ezines/zx-pilot/28
ZX Pilot,29,PILOT_29.ZIP,https://zxpress.ru/files/PILOT_29.ZIP,https://zxpress.ru/ru/ezines/zx-pilot/29
ZX Pilot,31,PILOT_31.ZIP,https://zxpress.ru/files/PILOT_31.ZIP,https://zxpress.ru/ru/ezines/zx-pilot/31
ZX Pilot,40,PILOT_40.ZIP,https://zxpress.ru/files/PILOT_40.ZIP,https://zxpress.ru/ru/ezines/zx-pilot/40
ZX Pilot,41,PILOT_41.ZIP,https://zxpress.ru/files/PILOT_41.ZIP,https://zxpress.ru/ru/ezines/zx-pilot/41
ZX Time,02,ZXTIME02.ZIP,https://zxpress.ru/files/ZXTIME02.ZIP,https://zxpress.ru/ru/ezines/zx-time/02
ZX World,02,ZXW_002.ZIP,https://zxpress.ru/files/ZXW_002.ZIP,https://zxpress.ru/ru/ezines/zx-world/02
